Activity ID,Activity Date,Activity Name,Activity Type,Activity Description,Elapsed Time,Distance,Max Heart Rate,Relative Effort,Commute,Activity Private Note,Activity Gear,Filename,Athlete Weight,Bike Weight,Elapsed Time,Moving Time,Distance,Max Speed,Average Speed,Elevation Gain,Elevation Loss,Elevation Low,Elevation High,Max Grade,Average Grade,Average Positive Grade,Average Negative Grade,Max Cadence,Average Cadence,Max Heart Rate,Average Heart Rate,Max Watts,Average Watts,Calories,Max Temperature,Average Temperature,Relative Effort,Total Work,Number of Runs,Uphill Time,Downhill Time,Other Time,Perceived Exertion,Type,Start Time,Weighted Average Power,Power Count,Prefer Perceived Exertion,Perceived Relative Effort,Commute,Total Weight Lifted,From Upload,Grade Adjusted Distance,Weather Observation Time,Weather Condition,Weather Temperature,Apparent Temperature,Dewpoint,Humidity,Weather Pressure,Wind Speed,Wind Gust,Wind Bearing,Precipitation Intensity,Sunrise Time,Sunset Time,Moon Phase,Bike,Gear,Precipitation Probability,Precipitation Type,Cloud Cover,Weather Visibility,UV Index,Weather Ozone,Jump Count,Total Grit,Average Flow,Flagged,Average Elapsed Speed,Dirt Distance,Newly Explored Distance,Newly Explored Dirt Distance,Activity Count,Total Steps,Carbon Saved,Pool Length,Training Load,Intensity,Average Grade Adjusted Pace,Timer Time,Total Cycles,Recovery,With Pet,Competition,Long Run,For a Cause,With Kid,Downhill Distance,Total Sets,Total Reps,Media
19866250719,"Aug 23, 2026, 2:00:32 PM",Slow run w Ty and Juan,Run,"",2249,6.44,161.0,44,false,,,activities/21001213759.fit.gz,,,2249.0,2249.0,6442.9,3.78,2.865,24.2,22.1,38.7,54.3,4.7,0.0,,,90.0,85.0,161.0,147.0,,289.0,454.0,,,44.0,649964.0,,,,,,,,289.0,2250.0,,,0.0,,1.0,6463.8,1787493600.0,2.0,25.3,28.1,23.7,0.91,1015.3,0.8,2.9,231.0,1.3,1787482898.0,1787529692.0,0.375,,,0.78,5.0,0.53,16837.0,3.0,,,,,,2.865,159.9,,,,6350.0,0.0,,220.0,188.0,2.874,,,,,,,,,,,,||media/A0BBCB1A-EBE9-4B7A-AFF0-51E63B2AEA4B.jpg
19855641340,"Aug 22, 2026, 6:18:30 PM",Afternoon Basketball,Workout,,5518,0.95,175.0,40,false,,,activities/20990261417.fit.gz,,,5518.0,5518.0,956.9,3.729,0.173,0.0,0.0,,,0.0,0.0,,,113.0,68.0,175.0,119.0,,,630.0,,,40.0,,,,,,,,,,,,,0.0,,1.0,,,,,,,,,,,,,,,,,,,,,,,,,,,,0.173,0.0,,,,,0.0,,,,,,5950.0,,,,,,,,,,""
19838232321,"Aug 21, 2026, 2:35:21 PM",SW Chest x Back,Weight Training,"",1273,0,145.0,3,false,,,activities/20972403741.fit.gz,,,1273.0,1273.0,0.0,0.0,0.0,0.0,0.0,,,0.0,0.0,,,,,145.0,109.0,,,130.0,,,3.0,,,,,,,,,,,,,0.0,0.0,1.0,,,,,,,,,,,,,,,,,,,,,,,,,,,,0.0,0.0,,,,,0.0,,,,,,20.0,,0.0,,,,,,1,10,media/23E46963-C67D-4E7D-8218-59BFAAC030F7.jpg
19836724076,"Aug 21, 2026, 11:55:13 AM",Morning Run,Run,Booooooooooom [strava://athletes/169843638/14]Josh Eisenberg strong start lad 🫡,3424,9.67,169.0,66,false,,,activities/20970867516.fit.gz,,,3424.0,3393.0,9677.2,3.64,2.852,36.4,36.4,33.6,50.6,5.6,0.0,,,89.0,84.0,169.0,147.0,,288.0,676.0,,,66.0,978291.0,,,,,,,,288.0,3426.0,,,0.0,,1.0,9714.2,1787310000.0,1.0,22.4,23.8,22.1,0.98,1017.0,1.2,1.3,348.0,0.0,1787310031.0,1787357022.0,0.375,,,0.45,5.0,0.26,13422.0,0.0,,,,,,2.826,0.0,,,,9530.0,0.0,,332.0,187.0,2.863,,,,,,,,,,,,||media/37C5FC87-44BA-4E75-8A0A-DC2107B6C310.jpg
19831217555,"Aug 21, 2026, 1:19:20 AM",One quick one - it's pouring,Run,Not crazy effort - [strava://athletes/166313645/10]Ty Stevens done for the under 7 challenge,407,1.62,183.0,20,false,,,activities/20965132336.fit.gz,,,407.0,407.0,1619.7,4.5,3.98,7.6,4.6,43.7,48.4,3.3,0.2,,,92.0,88.0,183.0,169.0,,397.0,97.0,,,20.0,161858.0,,,,,,,,384.0,408.0,,,0.0,,1.0,1632.3,1787274000.0,5.0,23.8,25.4,22.4,0.92,1016.0,1.3,3.1,171.0,0.4,1787223597.0,1787270685.0,0.25,,,1.0,5.0,0.58,17570.0,0.0,,,,,,3.98,0.0,,,,1196.0,0.0,,70.0,249.0,4.011,,,,,,,,,,,,|
19814536389,"Aug 19, 2026, 8:16:11 PM",Afternoon Run - zero HR checking,Run,First mile warm up - second mile sprint tempos - it's way to fucking hot for this shit,976,3.25,187.0,41,false,,,activities/20948020140.fit.gz,,,976.0,976.0,3253.4,5.6,3.333,0.0,0.0,38.0,38.6,1.7,0.0,,,93.0,85.0,187.0,165.0,,331.0,224.0,,,41.0,322578.0,,,,,,,,327.0,977.0,,,0.0,,1.0,3255.8,1787169600.0,1.0,34.3,37.0,25.4,0.6,1013.9,2.3,3.5,284.0,0.0,1787137164.0,1787184348.0,0.125,,,0.41,5.0,0.2,30528.0,6.0,,,,,,3.333,0.0,,,,2756.0,0.0,,122.0,212.0,3.336,,,,,,,,,,,,||media/11A92927-87AC-4CBF-BA77-A2E0936000CF.jpg|media/1170B640-DFC9-4B02-9B85-3CACB6D40158.jpg|media/29122EAC-F26D-476E-A694-99180E35E041.jpg
19813919932,"Aug 19, 2026, 6:49:36 PM",Afternoon Weight Training,Weight Training,,2344,0,132.0,5,false,,,activities/20947393712.fit.gz,,,2344.0,2344.0,0.0,0.0,0.0,0.0,0.0,,,0.0,0.0,,,,,132.0,97.0,,,172.0,,,5.0,,,,,,,,,,,,,0.0,0.0,1.0,,,,,,,,,,,,,,,,,,,,,,,,,,,,0.0,0.0,,,,,0.0,,,,,,10.0,,,,,,,,1,5,""
19799343211,"Aug 18, 2026, 7:17:22 PM",Afternoon Weight Training,Weight Training,,2002,0,130.0,4,false,,,activities/20932456974.fit.gz,,,2002.0,2002.0,0.0,0.0,0.0,0.0,0.0,,,0.0,0.0,,,,,130.0,90.0,,,128.0,,,4.0,,,,,,,,,,,,,0.0,0.0,1.0,,,,,,,,,,,,,,,,,,,,,,,,,,,,0.0,0.0,,,,,0.0,,,,,,32.0,,,,,,,,2,16,""
19792852852,"Aug 18, 2026, 11:34:32 AM",Run w Ty,Run,Slow pace - good HR,1713,4.86,169.0,32,false,,,activities/20925869751.fit.gz,,,1713.0,1713.0,4861.8,3.64,2.838,20.2,20.2,33.5,42.9,7.1,0.0,,,87.0,84.0,169.0,146.0,,290.0,343.0,,,32.0,497096.0,,,,,,,,290.0,1714.0,,,0.0,,1.0,4884.9,1787050800.0,1.0,26.0,27.8,24.8,0.93,1015.9,1.3,2.0,261.0,0.0,1787050730.0,1787098010.0,0.125,,,0.39,5.0,0.06,15694.0,0.0,,,,,,2.838,0.0,,,,4794.0,0.0,,168.0,188.0,2.852,,,,,,,,,,,,|
19786301727,"Aug 17, 2026, 10:46:23 PM",First gville run back,Run,Hot outside - back hurts,2146,6.44,179.0,75,false,,,activities/20919067577.fit.gz,,,2146.0,2146.0,6445.5,4.16,3.003,31.5,31.3,37.1,53.0,6.1,0.0,,,87.0,83.0,179.0,161.0,,311.0,466.0,,,75.0,668396.0,,,,,,,,310.0,2147.0,,,0.0,,1.0,6475.4,1787004000.0,2.0,31.0,32.3,25.4,0.72,1016.0,4.2,6.7,242.0,0.1,1786964297.0,1787011671.0,0.125,,,0.53,5.0,0.49,19452.0,2.0,,,,,,3.003,1096.7,,,,5972.0,0.0,,241.0,201.0,3.017,,,,,,,,,,,,|
19758733420,"Aug 15, 2026, 10:32:12 PM",Evening Workout,Workout,Light movement - lower back still hurtin,1895,0,134.0,6,false,,,activities/20890688490.fit.gz,,,1895.0,1895.0,0.0,0.0,0.0,0.0,0.0,,,0.0,0.0,,,,,134.0,113.0,,,202.0,,,6.0,,,,,,,,,,,,,0.0,,1.0,,,,,,,,,,,,,,,,,,,,,,,,,,,,0.0,0.0,,,,,0.0,,,,,,2836.0,,,,,,,,,,media/2A8AE1B1-69A8-4C37-9449-D9B11520CC4C.jpg
19758504632,"Aug 15, 2026, 9:56:23 PM",Afternoon Weight Training,Weight Training,,2001,0,119.0,3,false,,,activities/20890455624.fit.gz,,,2001.0,2001.0,0.0,0.0,0.0,0.0,0.0,,,0.0,0.0,,,,,119.0,84.0,,,105.0,,,3.0,,,,,,,,,,,,,0.0,0.0,1.0,,,,,,,,,,,,,,,,,,,,,,,,,,,,0.0,0.0,,,,,0.0,,,,,,20.0,,,,,,,,1,10,""
19756001625,"Aug 15, 2026, 4:25:58 PM",Lunch Walk,Walk,,3720,5.43,114.0,7,false,,,activities/20887897418.fit.gz,,,3720.0,3493.0,5431.3,2.08,1.555,59.5,62.8,55.8,88.3,8.3,0.0,,,67.0,62.0,114.0,92.0,,,318.0,,,7.0,,,,,,,,,,,,,0.0,,1.0,,1786809600.0,1.0,25.1,27.8,15.2,0.54,1021.3,0.7,1.8,12.0,0.0,1786788272.0,1786838006.0,0.125,,,0.0,1.0,0.05,36356.0,8.0,,,,,,1.46,0.0,,,,7162.0,0.0,,,,,,,,,,,,,,,,|
19746201117,"Aug 15, 2026, 12:42:30 AM",Evening Walk,Walk,,5842,4.08,108.0,5,false,,,activities/20877784886.fit.gz,,,5842.0,3053.0,4087.1,2.529,1.339,37.8,42.6,55.8,88.3,10.4,0.0,,,84.0,59.0,108.0,84.0,,,246.0,,,5.0,,,,,,,,,,,,,0.0,,1.0,,1786752000.0,1.0,25.0,25.8,19.2,0.7,1017.1,0.6,2.3,83.0,0.0,1786701823.0,1786751678.0,0.125,,,0.32,5.0,0.34,25936.0,0.0,,,,,,0.7,0.0,,,,5998.0,0.0,,,,,,,,,,,,,,,,|
19741123545,"Aug 14, 2026, 4:00:32 PM",Stair master work - shit kills,Workout,Lower back hurtin,1802,0,167.0,37,false,,,activities/20872592889.fit.gz,,,1802.0,1802.0,0.0,0.0,0.0,0.0,0.0,,,0.0,0.0,,,,,167.0,147.0,,,354.0,,,37.0,,,,,,,,,,,,,0.0,,1.0,,,,,,,,,,,,,,,,,,,,,,,,,,,,0.0,0.0,,,,,0.0,,,,,,1994.0,,,,,,,,,,media/8C3858FC-C8DE-41A7-AE78-B157A13DC502.jpg
19740776815,"Aug 14, 2026, 3:10:13 PM",Chest x back,Weight Training,"",2918,0,125.0,6,false,,,activities/20872239600.fit.gz,,,2918.0,2918.0,0.0,0.0,0.0,0.0,0.0,,,0.0,0.0,,,,,125.0,95.0,,,115.0,,,6.0,,,,,,,,,,,,,0.0,0.0,1.0,,,,,,,,,,,,,,,,,,,,,,,,,,,,0.0,0.0,,,,,0.0,,,,,,30.0,,0.0,,,,,,1,15,""
19727822087,"Aug 13, 2026, 4:37:26 PM",Post run,Walk,"",1238,1.80,138.0,3,false,,,activities/20858894691.fit.gz,,,1238.0,1213.0,1808.0,2.467,1.491,25.6,31.7,58.4,87.4,9.1,-0.2,,,83.0,61.0,138.0,110.0,,,122.0,,,3.0,,,,,,,,,,,,,0.0,,1.0,,1786636800.0,3.0,27.2,27.6,19.3,0.62,1010.5,2.7,2.8,341.0,0.0,1786615363.0,1786665360.0,0.0,,,0.66,5.0,0.76,26453.0,5.0,,,,,,1.46,0.0,,,,2494.0,0.0,,,,,,,,,,,,,,,,|
19727556702,"Aug 13, 2026, 3:50:25 PM",🥥,Run,"Decent run - tried keeping HR low for a bit - ankle and shins felt off whole run, had more in the tank but not getting injured before even starting",2739,8.31,176.0,80,false,,,activities/20858624074.fit.gz,,,2739.0,2739.0,8310.5,3.98,3.034,94.0,98.6,35.9,87.4,49.2,0.0,,,89.0,84.0,176.0,156.0,,310.0,588.0,,,80.0,849302.0,,,,,,,,314.0,2740.0,,,0.0,,1.0,8609.2,1786633200.0,3.0,25.7,26.2,20.3,0.72,1010.6,3.0,3.6,329.0,0.0,1786615351.0,1786665371.0,0.0,,,0.62,5.0,0.66,24409.0,4.0,,,,,,3.034,0.0,,,,7726.0,0.0,,316.0,204.0,3.143,,,,,,,,,,,,||media/2B544461-2B51-40D8-9C33-2AF80C8FCD49.jpg
19726628167,"Aug 13, 2026, 3:03:16 PM",Lunch Physical Therapy,Workout,"",743,0,99.0,0,false,,,activities/20857673225.fit.gz,,,743.0,743.0,0.0,0.0,0.0,0.0,0.0,,,0.0,0.0,,,,,99.0,66.0,,,21.0,,,0.0,,,,,,,,,,,,,0.0,0.0,1.0,,,,,,,,,,,,,,,,,,,,,,,,,,,,0.0,0.0,,,,,0.0,,,,,,12.0,,0.0,,,,,,1,6,""
19717542550,"Aug 12, 2026, 10:37:02 PM",2nd workout of the day - full zone 2 - 1 mile recovery run,Run,Zone 2 is so boring - wanted to see if I could keep in 130s entire time. Thank you Russel Westbrook,599,1.61,145.0,3,false,,,activities/20848279437.fit.gz,,,599.0,599.0,1618.7,3.34,2.702,21.2,28.3,142.5,150.6,12.4,-0.1,,,85.0,82.0,145.0,134.0,,270.0,108.0,,,3.0,161605.0,,,,,,,,264.0,600.0,,,0.0,,1.0,1686.6,1786572000.0,1.0,29.0,30.8,15.8,0.45,1009.1,1.7,1.7,228.0,0.0,1786528903.0,1786579041.0,0.875,,,0.19,5.0,0.15,39892.0,1.0,,,,,,2.702,0.0,,,,1640.0,0.0,,48.0,171.0,2.816,,,,,,,,,,,,|
19712669053,"Aug 12, 2026, 2:53:19 PM",Stair master work,Workout,[strava://athletes/183604038/13]Julian Greene destroyed this shit - 10 min warmup instead,1993,0,167.0,33,false,,,activities/20843312111.fit.gz,,,1993.0,1993.0,0.0,0.0,0.0,0.0,0.0,,,0.0,0.0,,,,,167.0,143.0,,,371.0,,,33.0,,,,,,,,,,,,,0.0,,1.0,,,,,,,,,,,,,,,,,,,,,,,,,,,,0.0,0.0,,,,,0.0,,,,,,3062.0,,,,,,,,,,media/1DDD9F00-C2D6-4236-81A6-B8FCF62F658C.jpg
19712241589,"Aug 12, 2026, 2:17:16 PM",Shitty back day,Weight Training,"",2038,0,132.0,3,false,,,activities/20842868042.fit.gz,,,2038.0,2038.0,0.0,0.0,0.0,0.0,0.0,,,0.0,0.0,,,,,132.0,84.0,,,108.0,,,3.0,,,,,,,,,,,,,0.0,0.0,1.0,,,,,,,,,,,,,,,,,,,,,,,,,,,,0.0,0.0,,,,,0.0,,,,,,10.0,,0.0,,,,,,1,5,""
19700582666,"Aug 11, 2026, 5:50:32 PM",Good Run,Run,One hill had my heart rate high and couldn't get it back down,3205,9.66,182.0,116,false,,,activities/20830789820.fit.gz,,,3205.0,3205.0,9662.7,4.0,3.015,99.7,100.3,39.7,95.5,10.3,0.0,,,89.0,83.0,182.0,162.0,,311.0,702.0,,,116.0,997041.0,,,,,,,,316.0,3206.0,,,0.0,,1.0,9836.9,1786467600.0,2.0,28.0,28.7,20.3,0.63,1010.8,3.2,4.1,324.0,0.0,1786442443.0,1786492720.0,0.875,,,0.47,5.0,0.53,25992.0,6.0,,,,,,3.015,0.0,,,,8932.0,0.0,,374.0,205.0,3.069,,,,,,,,,,,,||media/3EE16BD9-2ECB-4DAD-B6C1-E11447D76993.mp4|media/29C754E7-FF64-489B-AF86-6902B5197589.jpg
19699020698,"Aug 11, 2026, 4:21:51 PM",Lunch Weight Training,Weight Training,,3176,0,125.0,6,false,,,activities/20829199892.fit.gz,,,3176.0,3176.0,0.0,0.0,0.0,0.0,0.0,,,0.0,0.0,,,,,125.0,93.0,,,209.0,,,6.0,,,,,,,,,,,,,0.0,0.0,1.0,,,,,,,,,,,,,,,,,,,,,,,,,,,,0.0,0.0,,,,,0.0,,,,,,12.0,,,,,,,,1,6,""
19668257453,"Aug 9, 2026, 12:24:16 PM",Morning run,Run,"",2053,6.69,176.0,73,false,,,activities/20797176975.fit.gz,,,2053.0,2047.0,6693.4,4.14,3.27,74.7,77.1,55.8,90.4,10.8,0.0,,,89.0,84.0,176.0,162.0,,331.0,465.0,,,73.0,679672.0,,,,,,,,333.0,2054.0,,,0.0,,1.0,6830.7,1786276800.0,1.0,24.7,27.2,22.2,0.86,1014.9,2.0,2.2,273.0,0.0,1786269512.0,1786320089.0,0.875,,,0.06,5.0,0.26,18115.0,1.0,,,,,,3.26,0.0,,,,5744.0,0.0,,266.0,216.0,3.337,,,,,,,,,,,,||media/911BA406-4286-4243-A706-82ED1724E040.jpg
19647172941,"Aug 7, 2026, 11:33:16 PM",32.5 min treadmill workout,Workout,10 - 1 min 10.5 speed sprints (1 min on - 30 second jog) - 15 min 7 speed jog - 7.5 min walk  - like 4.1 miles total,1951,0,178.0,43,false,,,activities/20775229684.fit.gz,,,1951.0,1951.0,0.0,0.0,0.0,0.0,0.0,,,0.0,0.0,,,,,178.0,148.0,,,372.0,,,43.0,,,,,,,,,,,,,0.0,,1.0,,,,,,,,,,,,,,,,,,,,,,,,,,,,0.0,0.0,,,,,0.0,,,,,,4876.0,,,,,,,,,,media/C1B2CB16-8EBA-40B8-B0DA-4AFAA0FBF8D5.jpg|media/48018B0E-307D-4BED-9046-2C233DB0E149.jpg
19646892232,"Aug 7, 2026, 10:46:17 PM",Shoulder arms,Weight Training,"",1802,0,139.0,4,false,,,activities/20774936985.fit.gz,,,1802.0,1802.0,0.0,0.0,0.0,0.0,0.0,,,0.0,0.0,,,,,139.0,103.0,,,156.0,,,4.0,,,,,,,,,,,,,0.0,0.0,1.0,,,,,,,,,,,,,,,,,,,,,,,,,,,,0.0,0.0,,,,,0.0,,,,,,28.0,,0.0,,,,,,1,14,""
19635063229,"Aug 7, 2026, 12:49:56 AM",🤔 - fitted up,Run,"Maybe 600 mg of caffeine, hella humidity and a slow pace does still mean a high hr. [strava://athletes/110159467/11]Dylan Dwyer final run before old yeller ✌🏻",4188,11.27,180.0,158,false,,,activities/20762616429.fit.gz,,,4188.0,3971.0,11277.1,4.14,2.84,130.5,130.6,39.7,87.4,13.9,0.0,,,88.0,83.0,180.0,164.0,,291.0,854.0,,,158.0,1157438.0,,,,,,,,290.0,4177.0,,,0.0,,1.0,11522.1,1786060800.0,2.0,28.8,30.7,25.0,0.8,1017.7,1.2,2.0,183.0,0.0,1786010149.0,1786061104.0,0.75,,,0.84,5.0,0.44,20750.0,0.0,,,,,,2.693,0.0,,,,11046.0,0.0,,410.0,188.0,2.902,,,,,,,,,,,,||media/726FC01B-83A0-4437-A63C-23060D0CB0F1.jpg
19634516822,"Aug 7, 2026, 12:01:53 AM",Evening Weight Training,Weight Training,,1801,0,137.0,4,false,,,activities/20762040127.fit.gz,,,1801.0,1801.0,0.0,0.0,0.0,0.0,0.0,,,0.0,0.0,,,,,137.0,99.0,,,148.0,,,4.0,,,,,,,,,,,,,0.0,0.0,1.0,,,,,,,,,,,,,,,,,,,,,,,,,,,,0.0,0.0,,,,,0.0,,,,,,18.0,,,,,,,,1,9,""
19606160257,"Aug 5, 2026, 12:32:24 AM",Had to move,Run,[strava://athletes/110159467/11]Dylan Dwyer running away from this final presentation #Suit&Tie,2155,6.48,180.0,75,false,,,activities/20732568130.fit.gz,,,2155.0,2147.0,6483.5,5.24,3.02,109.4,114.6,142.2,150.5,12.7,0.0,,,94.0,83.0,180.0,162.0,,302.0,468.0,,,75.0,647538.0,,,,,,,,299.0,2156.0,,,0.0,,1.0,6774.1,1785888000.0,1.0,25.0,24.7,16.5,0.59,1019.2,2.1,2.2,191.0,0.0,1785837233.0,1785888448.0,0.625,,,0.0,1.0,0.23,28189.0,0.0,,,,,,3.009,0.0,,,,6008.0,0.0,,225.0,194.0,3.155,,,,,,,,,,,,||media/3472EF9F-1F72-4BB6-BFDA-108CBDAA0722.jpg
19606160178,"Aug 4, 2026, 11:28:25 PM",Evening Weight Training,Weight Training,,2065,0,139.0,5,false,,,activities/20732568030.fit.gz,,,2065.0,2065.0,0.0,0.0,0.0,0.0,0.0,,,0.0,0.0,,,,,139.0,100.0,,,174.0,,,5.0,,,,,,,,,,,,,0.0,0.0,1.0,,,,,,,,,,,,,,,,,,,,,,,,,,,,0.0,0.0,,,,,0.0,,,,,,10.0,,,,,,,,1,5,""
19590962797,"Aug 4, 2026, 12:45:53 AM",Post legs - needed to cool down run,Run,Recovery - slow and steady,2395,6.50,166.0,56,false,,,activities/20716825965.fit.gz,,,2395.0,2395.0,6500.7,4.7,2.714,109.4,114.5,142.3,150.6,12.4,0.0,,,87.0,83.0,166.0,149.0,,270.0,463.0,,,56.0,647102.0,,,,,,,,270.0,2396.0,,,0.0,,1.0,6794.2,1785801600.0,1.0,24.3,23.8,18.1,0.68,1011.2,2.6,5.2,297.0,0.0,1785750775.0,1785802119.0,0.625,,,1.0,5.0,0.08,27080.0,0.0,,,,,,2.714,0.0,,,,6604.0,0.0,,204.0,175.0,2.837,,,,,,,,,,,,||media/C1B46BD8-AD33-4020-8F93-9DCE8D8650DE.jpg
19590959133,"Aug 3, 2026, 11:46:03 PM",Legs,Weight Training,"",2330,0,156.0,8,false,,,activities/20716822181.fit.gz,,,2330.0,2330.0,0.0,0.0,0.0,0.0,0.0,,,0.0,0.0,,,,,156.0,114.0,,,255.0,,,8.0,,,,,,,,,,,,,0.0,0.0,1.0,,,,,,,,,,,,,,,,,,,,,,,,,,,,0.0,0.0,,,,,0.0,,,,,,22.0,,0.0,,,,,,1,11,""
19573360916,"Aug 2, 2026, 2:51:37 PM",Walk,Walk,"",3600,4.86,118.0,8,false,,,activities/20698514301.fit.gz,,,3600.0,3600.0,4868.6,1.8,1.352,45.1,33.8,82.2,111.7,17.3,0.1,,,75.0,59.0,118.0,98.0,,,287.0,,,8.0,,,,,,,,,,,,,0.0,,1.0,,1785679200.0,3.0,25.8,25.9,21.9,0.79,1015.0,3.5,3.9,173.0,0.0,1785664317.0,1785715787.0,0.625,,,0.42,5.0,0.82,20911.0,4.0,,,,,,1.352,0.0,,,,7088.0,0.0,,,,,,,,,,,,,,,,||media/6B7A0D28-3D74-4E6F-B29D-51979890AA08.jpg
19573360824,"Aug 2, 2026, 1:48:01 PM",Morning Weight Training,Weight Training,,2347,0,142.0,6,false,,,activities/20698514288.fit.gz,,,2347.0,2347.0,0.0,0.0,0.0,0.0,0.0,,,0.0,0.0,,,,,142.0,102.0,,,204.0,,,6.0,,,,,,,,,,,,,0.0,0.0,1.0,,,,,,,,,,,,,,,,,,,,,,,,,,,,0.0,0.0,,,,,0.0,,,,,,20.0,,,,,,,,1,10,""
19563069672,"Aug 2, 2026, 12:11:49 AM",Run,Run,Not sure what this was - threw some sprints in there. Good movement and didn't worry about heart rate but it was high,2475,6.68,184.0,90,false,,,activities/20687861288.fit.gz,,,2475.0,2083.0,6681.6,5.38,3.208,63.5,65.1,58.4,96.6,9.6,0.0,,,100.0,84.0,184.0,166.0,,344.0,473.0,,,90.0,714950.0,,,,,,,,366.0,2296.0,,,0.0,,1.0,6792.1,1785628800.0,3.0,25.4,25.8,20.0,0.72,1013.4,2.6,3.0,182.0,0.0,1785577860.0,1785629455.0,0.625,,,0.0,1.0,0.63,20790.0,0.0,,,,,,2.7,0.0,,,,5800.0,0.0,,360.0,238.0,3.261,,,,,,,,,,,,||media/D8AD9E12-6AF9-4B28-A96E-E95D44B081B5.jpg|media/574EAD90-B66D-4A69-B12F-7F44A31D8CAC.jpg
19549514095,"Aug 1, 2026, 12:37:12 AM",Legs warming up - slow but movin,Run,[strava://athletes/166313645/10]Ty Stevens Miami 🔜,3988,11.27,174.0,107,false,,,activities/20673822026.fit.gz,,,3988.0,3988.0,11275.7,4.48,2.827,140.1,139.5,39.7,87.4,13.7,0.0,,,92.0,84.0,174.0,155.0,,291.0,821.0,,,107.0,1160556.0,,,,,,,,295.0,3989.0,,,0.0,,1.0,11555.3,1785542400.0,1.0,25.0,25.9,20.5,0.76,1013.0,0.8,2.3,192.0,0.0,1785491403.0,1785543120.0,0.625,,,0.33,5.0,0.17,21838.0,0.0,,,,,,2.827,0.0,,,,11144.0,0.0,,407.0,192.0,2.898,,,,,,,,,,,,||media/326789D9-AA2D-4A6D-9A32-AA837DC174AF.jpg|media/7C580AE5-0D3A-4848-9DD1-2687C4164613.jpg
19548821423,"Jul 31, 2026, 11:09:21 PM",Evening Weight Training,Weight Training,,2039,0,151.0,4,false,,,activities/20673101412.fit.gz,,,2039.0,2039.0,0.0,0.0,0.0,0.0,0.0,,,0.0,0.0,,,,,151.0,91.0,,,141.0,,,4.0,,,,,,,,,,,,,0.0,0.0,1.0,,,,,,,,,,,,,,,,,,,,,,,,,,,,0.0,0.0,,,,,0.0,,,,,,12.0,,,,,,,,1,6,""
19523041959,"Jul 30, 2026, 1:12:08 AM",Shins hurt a bit - first one back,Run,"",2403,6.63,171.0,41,false,,,activities/20646478452.fit.gz,,,2403.0,2393.0,6629.3,3.64,2.77,76.9,81.1,40.0,87.4,9.2,-0.1,,,88.0,84.0,171.0,146.0,,301.0,470.0,,,41.0,723024.0,,,,,,,,338.0,2404.0,,,0.0,,1.0,6746.0,1785373200.0,5.0,22.3,23.8,19.7,0.85,1003.3,0.5,2.1,264.0,0.1,1785318489.0,1785370447.0,0.5,,,1.0,5.0,0.71,19481.0,0.0,,,,,,2.759,0.0,,,,6718.0,0.0,,320.0,219.0,2.819,,,,,,,,,,,,|
19508735043,"Jul 29, 2026, 12:58:49 AM",Evening Workout,Workout,,1922,0,152.0,11,false,,,activities/20631754120.fit.gz,,,1922.0,1922.0,0.0,0.0,0.0,0.0,0.0,,,0.0,0.0,,,,,152.0,130.0,,,290.0,,,11.0,,,,,,,,,,,,,0.0,,1.0,,,,,,,,,,,,,,,,,,,,,,,,,,,,0.0,0.0,,,,,0.0,,,,,,4002.0,,,,,,,,,,""
19508392481,"Jul 29, 2026, 12:10:54 AM",Evening Weight Training,Weight Training,,2826,0,130.0,6,false,,,activities/20631399680.fit.gz,,,2826.0,2826.0,0.0,0.0,0.0,0.0,0.0,,,0.0,0.0,,,,,130.0,92.0,,,193.0,,,6.0,,,,,,,,,,,,,0.0,0.0,1.0,,,,,,,,,,,,,,,,,,,,,,,,,,,,0.0,0.0,,,,,0.0,,,,,,24.0,,,,,,,,1,12,""
19476111834,"Jul 26, 2026, 4:49:23 PM",Move the legs,Walk,"",1336,1.96,110.0,2,false,,,activities/20598162618.fit.gz,,,1336.0,1336.0,1961.9,1.933,1.468,26.3,18.4,55.8,74.5,6.7,0.3,,,65.0,62.0,110.0,94.0,,,118.0,,,2.0,,,,,,,,,,,,,0.0,,1.0,,1785081600.0,1.0,25.0,27.3,15.9,0.57,1012.6,1.5,2.2,11.0,0.0,1785059122.0,1785111425.0,0.375,,,0.22,5.0,0.01,32968.0,8.0,,,,,,1.468,0.0,,,,2732.0,0.0,,,,,,,,,,,,,,,,|
19460177306,"Jul 25, 2026, 11:07:02 AM",NYC Half,Run,"Zero music, just myself and the pavement. Miami marathon here we come - move or be moved",6150,21.09,185.0,293,false,,,activities/20581779497.fit.gz,,,6150.0,6150.0,21089.8,4.94,3.429,0.0,0.0,2.4,4.2,5.0,0.0,,,89.0,85.0,185.0,169.0,,350.0,1453.0,,,293.0,2150813.0,,,,,,,,357.0,6151.0,,,0.0,,1.0,21116.2,1784977200.0,1.0,19.0,20.8,15.9,0.82,1021.1,1.8,1.8,14.0,0.0,1784972772.0,1785025121.0,0.375,,,0.0,1.0,0.03,19011.0,0.0,,,,,,3.429,353.0,,,,17370.0,0.0,,918.0,232.0,3.434,,,,,,,,,,,,||media/02548246-E14A-4BDC-985C-9A9B0C4062CA.jpg|media/80DA4041-A469-4784-89EC-04238E134335.jpg|media/1EA15C41-D650-4BEA-94D5-7A6A17DD60AA.jpg|media/225B13ED-04BC-4143-8D01-2AB12CEC9855.jpg
19452634650,"Jul 24, 2026, 11:01:49 PM",Evening Workout,Workout,,1654,0,150.0,5,false,,,activities/20574034981.fit.gz,,,1654.0,1654.0,0.0,0.0,0.0,0.0,0.0,,,0.0,0.0,,,,,150.0,108.0,,,141.0,,,5.0,,,,,,,,,,,,,0.0,,1.0,,,,,,,,,,,,,,,,,,,,,,,,,,,,0.0,0.0,,,,,0.0,,,,,,2842.0,,,,,,,,,,""
19452634742,"Jul 24, 2026, 10:10:00 PM",Evening Weight Training,Weight Training,,2707,0,146.0,6,false,,,activities/20574034914.fit.gz,,,2707.0,2707.0,0.0,0.0,0.0,0.0,0.0,,,0.0,0.0,,,,,146.0,95.0,,,203.0,,,6.0,,,,,,,,,,,,,0.0,0.0,1.0,,,,,,,,,,,,,,,,,,,,,,,,,,,,0.0,0.0,,,,,0.0,,,,,,28.0,,,,,,,,1,14,""
19439210586,"Jul 23, 2026, 11:50:57 PM",Long ahhh day,Run,Ate like shit today so felt like shit - deadass first movement of the day - didn't check watch at all,1450,4.99,179.0,56,false,,,activities/20560253759.fit.gz,,,1450.0,1441.0,4992.9,4.12,3.465,86.2,86.1,142.4,152.0,12.1,0.0,,,86.0,84.0,179.0,164.0,,395.0,337.0,,,56.0,570428.0,,,,,,,,500.0,1451.0,,,0.0,,1.0,5216.1,1784847600.0,1.0,25.3,26.8,12.6,0.45,1019.7,1.6,1.9,359.0,0.0,1784799759.0,1784852388.0,0.375,,,0.0,1.0,0.04,35990.0,0.0,,,,,,3.443,0.0,,,,4046.0,0.0,,425.0,325.0,3.62,,,,,,,,,,,,||media/74AC1C62-5D29-42DA-ACBF-4DA700476045.jpg|media/5861836B-ECD2-4A02-B460-D6C10A4B5D52.jpg
19425542679,"Jul 23, 2026, 12:07:58 AM",Cardio,Workout,"",2046,0,169.0,13,false,,,activities/20546284910.fit.gz,,,2046.0,2046.0,0.0,0.0,0.0,0.0,0.0,,,0.0,0.0,,,,,169.0,129.0,,,304.0,,,13.0,,,,,,,,,,,,,0.0,,1.0,,,,,,,,,,,,,,,,,,,,,,,,,,,,0.0,0.0,,,,,0.0,,,,,,3906.0,,,,,,,,,,media/DFC55540-770F-41A7-9DEC-C226E55821CB.jpg
19425542473,"Jul 22, 2026, 11:36:21 PM",Evening Weight Training,Weight Training,,1882,0,128.0,4,false,,,activities/20546284828.fit.gz,,,1882.0,1882.0,0.0,0.0,0.0,0.0,0.0,,,0.0,0.0,,,,,128.0,91.0,,,129.0,,,4.0,,,,,,,,,,,,,0.0,0.0,1.0,,,,,,,,,,,,,,,,,,,,,,,,,,,,0.0,0.0,,,,,0.0,,,,,,10.0,,,,,,,,1,5,""
19411585388,"Jul 22, 2026, 1:04:08 AM",Night Workout,Workout,38 minutes - forgot to turn watch on for first 8,1811,0,144.0,7,false,,,activities/20532017178.fit.gz,,,1811.0,1811.0,0.0,0.0,0.0,0.0,0.0,,,0.0,0.0,,,,,144.0,124.0,,,242.0,,,7.0,,,,,,,,,,,,,0.0,,1.0,,,,,,,,,,,,,,,,,,,,,,,,,,,,0.0,0.0,,,,,0.0,,,,,,3630.0,,,,,,,,,,""
19411313590,"Jul 22, 2026, 12:12:05 AM",Evening Weight Training,Weight Training,"",2600,0,128.0,5,false,,,activities/20531737903.fit.gz,,,2600.0,2600.0,0.0,0.0,0.0,0.0,0.0,,,0.0,0.0,,,,,128.0,90.0,,,169.0,,,5.0,,,,,,,,,,,,,0.0,0.0,1.0,,,,,,,,,,,,,,,,,,,,,,,,,,,,0.0,0.0,,,,,0.0,,,,,,20.0,,0.0,,,,,,1,10,media/2DC26954-1AFB-4379-95FB-D11B4041FD2F.jpg
19395682172,"Jul 20, 2026, 10:56:10 PM",NYAC Loop,Run,[strava://athletes/110159467/11]Dylan Dwyer TTWFO,2438,7.14,168.0,58,false,,,activities/20515834963.fit.gz,,,2438.0,2435.0,7147.3,3.54,2.935,39.7,39.5,18.6,38.5,10.3,0.0,,,88.0,83.0,168.0,151.0,,305.0,506.0,,,58.0,742291.0,,,,,,,,306.0,2439.0,,,0.0,,1.0,7192.8,1784584800.0,1.0,27.2,27.9,12.4,0.4,1014.1,3.5,5.3,188.0,0.0,1784540508.0,1784593373.0,0.125,,,0.0,1.0,0.09,45571.0,1.0,,,,,,2.932,2163.2,,,,6782.0,0.0,,267.0,199.0,2.954,,,,,,,,,,,,||media/3ECFE145-91AE-41D8-810E-35F9220DF836.jpg|media/8DB91769-61DA-4DBE-9F07-7E4EDCDFE5DA.jpg|media/FA5DA681-B67E-41F9-A17A-729F6A972BA7.jpg|media/581BAC53-B349-47EA-BDA1-0E0AFBA36821.jpg|media/AE151C45-6437-4E36-BB8F-80A33C3AFD7B.jpg
19377293959,"Jul 19, 2026, 1:21:50 PM",Morning Walk,Walk,Walk w Hollis,2507,3.35,103.0,4,false,,,activities/20497079256.fit.gz,,,2507.0,2489.0,3349.6,1.683,1.346,33.3,32.0,58.4,88.3,7.4,0.1,,,65.0,60.0,103.0,82.0,,,195.0,,,4.0,,,,,,,,,,,,,0.0,,1.0,,1784466000.0,1.0,21.9,22.2,17.0,0.74,1009.1,3.8,5.1,341.0,0.0,1784453951.0,1784506980.0,0.125,,,0.77,5.0,0.35,23322.0,3.0,,,,,,1.336,0.0,,,,4964.0,0.0,,,,,,,1.0,,,,,,,,,||media/5344BBEE-F5B8-4F0F-9C5F-6E63DCDFFB2C.jpg
19368616422,"Jul 18, 2026, 9:20:38 PM",Started to pour,Run,Ate like shit - felt like shit. Just needed to move,2646,8.05,183.0,86,false,,,activities/20488207034.fit.gz,,,2646.0,2646.0,8052.9,5.4,3.043,106.5,110.8,58.4,87.4,50.0,0.0,,,96.0,84.0,183.0,159.0,,320.0,584.0,,,86.0,845423.0,,,,,,,,326.0,2647.0,,,0.0,,1.0,8376.0,1784408400.0,5.0,24.1,24.4,22.0,0.88,1007.2,2.7,8.9,200.0,0.2,1784367500.0,1784420624.0,0.125,,,0.96,5.0,0.93,14374.0,2.0,,,,,,3.043,0.0,,,,7430.0,0.0,,329.0,212.0,3.166,,,,,,,,,,,,||media/3FEED4F9-C2BF-4722-9B6D-E1D96BA65B65.jpg
19368012492,"Jul 18, 2026, 8:09:16 PM",Afternoon Weight Training,Weight Training,"",1759,0,117.0,3,false,,,activities/20487586970.fit.gz,,,1759.0,1759.0,0.0,0.0,0.0,0.0,0.0,,,0.0,0.0,,,,,117.0,91.0,,,119.0,,,3.0,,,,,,,,,,,,,0.0,0.0,1.0,,,,,,,,,,,,,,,,,,,,,,,,,,,,0.0,0.0,,,,,0.0,,,,,,10.0,,0.0,,,,,,1,5,""
19356074924,"Jul 18, 2026, 12:06:18 AM",Evening Run,Run,No name for reason [strava://athletes/146918884/11]Aidan Marom  - just needed blood flow,1070,3.23,172.0,25,false,,,activities/20475423163.fit.gz,,,1070.0,1059.0,3230.9,5.0,3.051,53.1,57.9,142.4,150.7,13.2,-0.1,,,87.0,83.0,172.0,150.0,,370.0,223.0,,,25.0,394079.0,,,,,,,,514.0,1071.0,,,0.0,,1.0,3375.3,1784332800.0,2.0,26.2,26.3,14.3,0.48,1015.9,1.1,1.4,302.0,0.0,1784281033.0,1784334283.0,0.125,,,0.0,1.0,0.41,50430.0,0.0,,,,,,3.02,0.0,,,,2960.0,0.0,,331.0,334.0,3.187,,,,,,,,,,,,media/E46A4237-4417-4525-8AAB-620FA5585EDB.jpg||
19355791325,"Jul 17, 2026, 11:07:16 PM",Evening Weight Training,Weight Training,"",2619,0,139.0,6,false,,,activities/20475135102.fit.gz,,,2619.0,2619.0,0.0,0.0,0.0,0.0,0.0,,,0.0,0.0,,,,,139.0,97.0,,,202.0,,,6.0,,,,,,,,,,,,,0.0,0.0,1.0,,,,,,,,,,,,,,,,,,,,,,,,,,,,0.0,0.0,,,,,0.0,,,,,,12.0,,0.0,,,,,,1,6,media/B7DAC111-E54F-42E8-A0E9-1D3A6D84DF54.jpg
19334804912,"Jul 16, 2026, 9:26:12 AM",Zero music - pavement and the birds,Run,"[strava://athletes/110159467/11]Dylan Dwyer how bout them apples - good pace, feelin good - will be faster next weekend 🥷🏼⌚️✌🏻😹",5313,16.10,190.0,177,false,,,activities/20453815399.fit.gz,,,5313.0,5288.0,16104.7,7.82,3.046,93.2,90.1,8.5,38.1,6.8,0.0,,,90.0,85.0,190.0,160.0,,324.0,1167.0,,,177.0,1716512.0,,,,,,,,360.0,5314.0,,,0.0,,1.0,16234.3,1784192400.0,3.0,22.9,24.0,18.6,0.77,1013.1,1.5,3.0,285.0,0.0,1784194728.0,1784247923.0,0.125,,,0.0,1.0,0.94,12847.0,0.0,,,,,,3.031,0.0,,,,15062.0,0.0,,807.0,234.0,3.07,,,,,,,,,,,,||media/F61E9478-2A8E-4444-9414-8AAE7B9827B2.jpg|media/34B8F07E-2627-46BB-958F-380F20A01DC1.jpg|media/CDF0BE15-1E12-4E62-B882-9FACFEDD20B3.mp4
19330026050,"Jul 15, 2026, 11:18:26 PM",Cardio,Workout,[strava://athletes/110159467/11]Dylan Dwyer calm before the storm,1949,0,146.0,10,false,,,activities/20448951077.fit.gz,,,1949.0,1949.0,0.0,0.0,0.0,0.0,0.0,,,0.0,0.0,,,,,146.0,124.0,,,263.0,,,10.0,,,,,,,,,,,,,0.0,,1.0,,,,,,,,,,,,,,,,,,,,,,,,,,,,0.0,0.0,,,,,0.0,,,,,,4074.0,,,,,,,,,,""
19329650604,"Jul 15, 2026, 10:16:13 PM",Mid ahh pull day,Weight Training,"",3157,0,129.0,7,false,,,activities/20448569384.fit.gz,,,3157.0,3157.0,0.0,0.0,0.0,0.0,0.0,,,0.0,0.0,,,,,129.0,94.0,,,230.0,,,7.0,,,,,,,,,,,,,0.0,0.0,1.0,,,,,,,,,,,,,,,,,,,,,,,,,,,,0.0,0.0,,,,,0.0,,,,,,16.0,,0.0,,,,,,1,8,""
19317106942,"Jul 15, 2026, 12:43:45 AM",Legs r dead - walk it out,Workout,"",1923,0,142.0,6,false,,,activities/20435816157.fit.gz,,,1923.0,1923.0,0.0,0.0,0.0,0.0,0.0,,,0.0,0.0,,,,,142.0,115.0,,,219.0,,,6.0,,,,,,,,,,,,,0.0,,1.0,,,,,,,,,,,,,,,,,,,,,,,,,,,,0.0,0.0,,,,,0.0,,,,,,4056.0,,,,,,,,,,media/23B91130-1B63-4107-B28F-35445034EFE2.jpg
19302749089,"Jul 14, 2026, 12:42:37 AM",Post legs run - didn't track hr,Run,"Feeling good, great pace and decent HR. Think I could carry this pace for a while. Legs will be dead tmr - the lift KOd me",2339,8.16,186.0,94,false,,,activities/20421248425.fit.gz,,,2339.0,2339.0,8162.8,5.28,3.49,140.5,145.9,141.6,150.6,12.3,0.0,,,93.0,85.0,186.0,164.0,,376.0,543.0,,,94.0,883351.0,,,,,,,,410.0,2340.0,,,0.0,,1.0,8527.9,1783987200.0,1.0,24.9,23.4,16.6,0.6,1019.9,4.4,4.6,200.0,0.0,1783935261.0,1783988812.0,0.875,,,0.0,1.0,0.01,35397.0,0.0,,,,,,3.49,0.0,,,,6638.0,0.0,,460.0,266.0,3.646,,,,,,,,,,,,||media/2F96AF1E-FCA1-41C5-BCE2-5DE27ED6EE5E.jpg|media/0CFC16AC-08B7-4BF0-86B5-2F9A1F36D528.jpg
19284107682,"Jul 12, 2026, 3:13:27 PM",Light movement - recovery day,Workout,"",1860,0,141.0,7,false,,,activities/20402303596.fit.gz,,,1860.0,1860.0,0.0,0.0,0.0,0.0,0.0,,,0.0,0.0,,,,,141.0,120.0,,,229.0,,,7.0,,,,,,,,,,,,,0.0,,1.0,,,,,,,,,,,,,,,,,,,,,,,,,,,,0.0,0.0,,,,,0.0,,,,,,4050.0,,,,,,,,,,""
19275275100,"Jul 11, 2026, 11:06:20 PM",Wasn't gonna run today - get it done,Run,Didn't care abt heart rate today - legs were dead and didn't feel good until 5.5 in. Definitely coulda gone for more but too much mileage already,3548,10.05,179.0,109,false,,,activities/20393301168.fit.gz,,,3548.0,3318.0,10055.3,4.96,3.031,105.4,103.6,58.4,96.3,49.6,0.0,,,93.0,84.0,179.0,160.0,,318.0,720.0,,,109.0,1055151.0,,,,,,,,324.0,3525.0,,,0.0,,1.0,10353.2,1783810800.0,1.0,26.7,28.1,18.6,0.61,1015.2,2.2,2.2,122.0,0.0,1783762372.0,1783816074.0,0.875,,,0.64,5.0,0.26,31696.0,0.0,,,,,,2.834,0.0,,,,9350.0,0.0,,432.0,210.0,3.12,,,,,,,,,,,,||media/8D1EEFAF-E9BE-491F-9CFD-43E85ACC91D3.jpg|media/F4EA9CDF-1334-44A2-AB3A-CBA23A999A68.jpg
19273777207,"Jul 11, 2026, 7:33:21 PM",Afternoon Weight Training,Weight Training,"",2488,0,138.0,6,false,,,activities/20391771986.fit.gz,,,2488.0,2488.0,0.0,0.0,0.0,0.0,0.0,,,0.0,0.0,,,,,138.0,99.0,,,199.0,,,6.0,,,,,,,,,,,,,0.0,0.0,1.0,,,,,,,,,,,,,,,,,,,,,,,,,,,,0.0,0.0,,,,,0.0,,,,,,30.0,,0.0,,,,,,2,15,""
19261455708,"Jul 10, 2026, 10:56:33 PM",Post lift run,Run,"",813,2.42,168.0,21,false,,,activities/20379240704.fit.gz,,,813.0,794.0,2421.9,9.46,3.05,2.3,6.4,6.8,13.3,2.8,-0.1,,,88.0,85.0,168.0,153.0,,353.0,170.0,,,21.0,281674.0,,,,,,,,365.0,814.0,,,0.0,,1.0,2418.7,1783720800.0,3.0,28.4,28.6,22.2,0.69,1009.9,2.9,5.3,255.0,0.1,1783676058.0,1783729717.0,0.875,,,0.63,5.0,1.0,26385.0,1.0,,,,,,2.979,0.0,,,,2298.0,0.0,,127.0,237.0,3.046,,,,,,,,,,,,|
19261318154,"Jul 10, 2026, 10:24:00 PM",Evening Weight Training,Weight Training,,1705,0,147.0,6,false,,,activities/20379100534.fit.gz,,,1705.0,1705.0,0.0,0.0,0.0,0.0,0.0,,,0.0,0.0,,,,,147.0,114.0,,,189.0,,,6.0,,,,,,,,,,,,,0.0,0.0,1.0,,,,,,,,,,,,,,,,,,,,,,,,,,,,0.0,0.0,,,,,0.0,,,,,,8.0,,,,,,,,1,4,""
19260986948,"Jul 10, 2026, 9:55:09 PM",Movement pre lift,Run,Bozo gave my AirPods back #GodBless,838,2.41,170.0,21,false,,,activities/20378764197.fit.gz,,,838.0,758.0,2416.6,5.56,3.188,4.4,0.0,9.8,14.2,3.7,0.1,,,91.0,85.0,170.0,155.0,,355.0,163.0,,,21.0,268578.0,,,,,,,,361.0,839.0,,,0.0,,1.0,2424.1,1783717200.0,3.0,28.9,28.8,21.1,0.63,1010.1,3.2,5.5,270.0,0.1,1783676058.0,1783729717.0,0.875,,,0.52,5.0,0.97,26424.0,2.0,,,,,,2.884,0.0,,,,2138.0,0.0,,127.0,234.0,3.198,,,,,,,,,,,,|
19243497031,"Jul 9, 2026, 10:29:59 AM",Upping the mileage - 5-10-5 next week,Run,Heart rate stayed pretty low the first 4 miles - pacing gonna be interesting - also fuck whoever stole my AirPods,3775,11.28,171.0,97,false,,,activities/20360983185.fit.gz,,,3775.0,3760.0,11279.3,7.34,3.0,33.7,30.8,1.2,15.5,10.8,0.0,,,90.0,84.0,171.0,154.0,,333.0,781.0,,,97.0,1256273.0,,,,,,,,375.0,3776.0,,,0.0,,1.0,11324.3,1783591200.0,1.0,21.4,21.9,18.9,0.86,1013.2,1.5,2.5,224.0,0.0,1783589619.0,1783643359.0,0.875,,,0.69,5.0,0.07,17427.0,0.0,,,,,,2.988,51.6,,,,10606.0,0.0,,623.0,244.0,3.012,,,,,,,,,,,,||media/8CD94EC1-8A55-4D7C-9D57-134CA813E3AB.jpg|media/94C2258E-5165-4A29-B3F8-2EA9CB528E94.jpg|media/05581849-9204-4DC4-9EBF-B34AD88A9C29.jpg
19243496796,"Jul 8, 2026, 10:29:05 PM",Evening Workout,Workout,,1802,0,149.0,17,false,,,activities/20360983274.fit.gz,,,1802.0,1802.0,0.0,0.0,0.0,0.0,0.0,,,0.0,0.0,,,,,149.0,138.0,,,303.0,,,17.0,,,,,,,,,,,,,0.0,,1.0,,,,,,,,,,,,,,,,,,,,,,,,,,,,0.0,0.0,,,,,0.0,,,,,,2886.0,,,,,,,,,,""
19243496630,"Jul 8, 2026, 9:53:46 PM",Afternoon Weight Training,Weight Training,"",1997,0,124.0,3,false,,,activities/20360982938.fit.gz,,,1997.0,1997.0,0.0,0.0,0.0,0.0,0.0,,,0.0,0.0,,,,,124.0,86.0,,,114.0,,,3.0,,,,,,,,,,,,,0.0,0.0,1.0,,,,,,,,,,,,,,,,,,,,,,,,,,,,0.0,0.0,,,,,0.0,,,,,,10.0,,0.0,,,,,,1,5,""
19222959219,"Jul 8, 2026, 12:34:26 AM",Evening Workout,Workout,,1962,0,147.0,8,false,,,activities/20340098027.fit.gz,,,1962.0,1962.0,0.0,0.0,0.0,0.0,0.0,,,0.0,0.0,,,,,147.0,129.0,,,269.0,,,8.0,,,,,,,,,,,,,0.0,,1.0,,,,,,,,,,,,,,,,,,,,,,,,,,,,0.0,0.0,,,,,0.0,,,,,,3952.0,,,,,,,,,,""
19222962222,"Jul 7, 2026, 11:55:56 PM",Evening Weight Training,Weight Training,,2162,0,132.0,4,false,,,activities/20340101058.fit.gz,,,2162.0,2162.0,0.0,0.0,0.0,0.0,0.0,,,0.0,0.0,,,,,132.0,92.0,,,144.0,,,4.0,,,,,,,,,,,,,0.0,0.0,1.0,,,,,,,,,,,,,,,,,,,,,,,,,,,,0.0,0.0,,,,,0.0,,,,,,14.0,,,,,,,,1,7,""
19208510995,"Jul 7, 2026, 12:20:00 AM",9 min splits - 4 miles,Run,Just to have mileage - 152 BPM,2160,6.43,,,false,,,,,,2160.0,2160.0,6437.4,,2.98,,,,,,0.0,,,,,,,,,549.0,,,,,,,,,,,,,,,,0.0,,0.0,,,,,,,,,,,,,,,,,,,,,,,,,,,,2.98,0.0,,,,,0.0,,,,,,,,,,,,,,,,""
19208404801,"Jul 7, 2026, 12:14:05 AM",Post Legs run - 2 min warmup - 9 min mile for 4 miles - keeping the heart rate low,Workout,"",2281,0,183.0,58,false,,,activities/20325349047.fit.gz,,,2281.0,2281.0,0.0,0.0,0.0,0.0,0.0,,,0.0,0.0,,,,,183.0,152.0,,,459.0,,,58.0,,,,,,,,,,,,,0.0,,1.0,,,,,,,,,,,,,,,,,,,,,,,,,,,,0.0,0.0,,,,,0.0,,,,,,6126.0,,,,,,,,,,""
19208404815,"Jul 6, 2026, 11:29:36 PM",Evening Weight Training,Weight Training,,2515,0,169.0,13,false,,,activities/20325349058.fit.gz,,,2515.0,2515.0,0.0,0.0,0.0,0.0,0.0,,,0.0,0.0,,,,,169.0,119.0,,,280.0,,,13.0,,,,,,,,,,,,,0.0,0.0,1.0,,,,,,,,,,,,,,,,,,,,,,,,,,,,0.0,0.0,,,,,0.0,,,,,,26.0,,,,,,,,1,13,""
19193514908,"Jul 5, 2026, 6:19:30 PM",SHARMS,Weight Training,"",2236,0,134.0,5,false,,,activities/20310235381.fit.gz,,,2236.0,2236.0,0.0,0.0,0.0,0.0,0.0,,,0.0,0.0,,,,,134.0,98.0,,,168.0,,,5.0,,,,,,,,,,,,,0.0,0.0,1.0,,,,,,,,,,,,,,,,,,,,,,,,,,,,0.0,0.0,,,,,0.0,,,,,,18.0,,0.0,,,,,,1,9,""
19192854526,"Jul 5, 2026, 5:33:27 PM",Idk why map looks like that - 2 quick miles slow to keep heart rate low,Run,Good stuff,1127,3.29,162.0,29,false,,,activities/20309562910.fit.gz,,,1127.0,1127.0,3292.3,10.963,2.921,50.4,57.6,142.3,150.6,12.5,0.0,,,88.0,84.0,162.0,152.0,,327.0,232.0,,,29.0,368147.0,,,,,,,,376.0,1128.0,,,0.0,,1.0,3434.4,1783270800.0,2.0,26.6,27.5,21.3,0.73,1015.3,2.6,3.7,108.0,0.1,1783243719.0,1783297823.0,0.625,,,0.97,5.0,0.61,20937.0,6.0,,,,,,2.921,0.0,,,,3142.0,0.0,,186.0,244.0,3.047,,,,,,,,,,,,||media/F47B7E72-5955-43B0-914E-C487196A1C75.jpg|media/E6DCD093-DB3B-46F4-94ED-2F4418389221.jpg
19164302064,"Jul 3, 2026, 2:21:26 PM",Run W Aidan,Run,"",1785,5.31,183.0,68,false,,,activities/20280544820.fit.gz,,,1785.0,1774.0,5309.9,4.02,2.993,14.0,10.2,3.8,18.8,16.7,0.1,,,87.0,83.0,183.0,164.0,,303.0,389.0,,,68.0,536323.0,,,,,,,,303.0,1786.0,,,0.0,,1.0,5334.5,1783087200.0,1.0,29.4,31.4,22.7,0.67,1014.3,3.6,6.0,278.0,0.0,1783070535.0,1783124703.0,0.625,,,0.46,1.0,0.0,27630.5,6.0,,,,,,2.975,46.8,,,,4976.0,0.0,,192.0,197.0,3.007,,,,,,,,,,,,|
19149941919,"Jul 2, 2026, 10:30:13 AM",Need a coffee,Run,[strava://athletes/129187011/13]Nico Gonzalez waiting on the LA 10 miler at a 5 minute pace,3251,9.66,185.0,141,false,,,activities/20265996861.fit.gz,,,3251.0,3237.0,9662.8,8.38,2.985,12.0,11.3,0.9,9.8,3.9,0.0,,,89.0,84.0,185.0,167.0,,319.0,716.0,,,141.0,1032892.0,,,,,,,,351.0,3252.0,,,0.0,,1.0,9680.4,1782986400.0,1.0,27.7,29.4,24.3,0.82,1014.6,1.6,2.1,269.0,0.0,1782984549.0,1783038672.0,0.625,,,0.48,1.0,0.2,17904.0,0.0,,,,,,2.972,0.0,,,,9082.0,0.0,,469.0,228.0,2.991,,,,,,,,,,,,||media/2AE0B82F-8AA1-457B-90D7-228A706C1F2A.jpg|media/5BFA4BC7-CC07-4FA5-93CB-577EC12B90B3.jpg
19149935623,"Jul 1, 2026, 10:58:31 PM",Evening Workout,Workout,"",1261,0,150.0,5,false,,,activities/20265990486.fit.gz,,,1261.0,1261.0,0.0,0.0,0.0,0.0,0.0,,,0.0,0.0,,,,,150.0,123.0,,,174.0,,,5.0,,,,,,,,,,,,,0.0,,1.0,,,,,,,,,,,,,,,,,,,,,,,,,,,,0.0,0.0,,,,,0.0,,,,,,2612.0,,,,,,,,,,""
19149935502,"Jul 1, 2026, 10:19:45 PM",Evening Weight Training,Weight Training,,2307,0,141.0,6,false,,,activities/20265990416.fit.gz,,,2307.0,2307.0,0.0,0.0,0.0,0.0,0.0,,,0.0,0.0,,,,,141.0,107.0,,,216.0,,,6.0,,,,,,,,,,,,,0.0,0.0,1.0,,,,,,,,,,,,,,,,,,,,,,,,,,,,0.0,0.0,,,,,0.0,,,,,,10.0,,,,,,,,1,5,""
19131586255,"Jul 1, 2026, 12:27:59 AM",Evening Workout,Workout,"",1802,0,148.0,10,false,,,activities/20247367797.fit.gz,,,1802.0,1802.0,0.0,0.0,0.0,0.0,0.0,,,0.0,0.0,,,,,148.0,132.0,,,279.0,,,10.0,,,,,,,,,,,,,0.0,,1.0,,,,,,,,,,,,,,,,,,,,,,,,,,,,0.0,0.0,,,,,0.0,,,,,,3630.0,,,,,,,,,,""
19131586272,"Jun 30, 2026, 11:39:06 PM",Evening Weight Training,Weight Training,,2541,0,150.0,6,false,,,activities/20247367863.fit.gz,,,2541.0,2541.0,0.0,0.0,0.0,0.0,0.0,,,0.0,0.0,,,,,150.0,101.0,,,209.0,,,6.0,,,,,,,,,,,,,0.0,0.0,1.0,,,,,,,,,,,,,,,,,,,,,,,,,,,,0.0,0.0,,,,,0.0,,,,,,20.0,,,,,,,,1,10,""
19123069263,"Jun 30, 2026, 12:45:00 AM",Already logged - doesn't show up as miles tho,Run,Treadmill 5k - 1 mile intervals,1400,4.99,,,false,,,,,,1400.0,1400.0,4989.0,,3.564,,,,,,0.0,,,,,,,,,425.0,,,,,,,,,,,,,,,,0.0,,0.0,,,,,,,,,,,,,,,,,,,,,,,,,,,,3.564,0.0,,,,,0.0,,,,,,,,,,,,,,,,""
19118092321,"Jun 30, 2026, 12:43:31 AM",Interval 5k - 1 mile splits 7:30 per mile w 10 mins of walking to finish,Workout,Get in get out,2015,0,185.0,73,false,,,activities/20233668847.fit.gz,,,2015.0,2015.0,0.0,0.0,0.0,0.0,0.0,,,0.0,0.0,,,,,185.0,162.0,,,424.0,,,73.0,,,,,,,,,,,,,0.0,,1.0,,,,,,,,,,,,,,,,,,,,,,,,,,,,0.0,0.0,,,,,0.0,,,,,,5058.0,,,,,,,,,,media/541EC015-79CB-45BD-A948-B21A10BF6162.jpg
19099954865,"Jun 28, 2026, 2:31:25 PM",Getting after it #GetInLads,Run,[strava://athletes/129187011/13]Nico Gonzalez sharpen the sword in times of preparing for battle,2348,7.19,183.0,94,false,,,activities/20215222493.fit.gz,,,2348.0,2340.0,7191.3,5.62,3.073,86.5,88.1,39.7,87.9,10.0,0.0,,,99.0,84.0,183.0,164.0,,331.0,526.0,,,94.0,776021.0,,,,,,,,365.0,2349.0,,,0.0,,1.0,7324.7,1782655200.0,2.0,24.1,25.5,19.6,0.76,1015.7,1.9,2.8,66.0,0.0,1782638708.0,1782693079.0,0.375,,,0.44,5.0,0.57,20664.0,4.0,,,,,,3.063,0.0,,,,6598.0,0.0,,366.0,237.0,3.13,,,,,,,,,,,,||media/D5FD6357-78C0-4BDC-9BCA-C5206D4C61FD.jpg|media/8226965D-6AD0-4307-AE33-555C4F1CDFFD.jpg
19091720225,"Jun 27, 2026, 11:17:00 PM",Heart rate too high but not tired,Run,Gotta fio my zones - running in the rain,1435,4.99,181.0,60,false,,,activities/20206823696.fit.gz,,,1435.0,1432.0,4995.5,4.54,3.488,84.2,84.2,142.9,152.2,12.0,0.0,,,88.0,84.0,181.0,165.0,,396.0,328.0,,,60.0,570627.0,,,,,,,,503.0,1436.0,,,0.0,,1.0,5206.5,1782601200.0,3.0,22.3,23.9,18.7,0.8,1016.0,0.6,0.7,179.0,0.1,1782552278.0,1782606690.0,0.375,,,0.95,5.0,0.72,19985.0,0.0,,,,,,3.481,0.0,,,,4004.0,0.0,,426.0,327.0,3.636,,,,,,,,,,,,|
19091720168,"Jun 27, 2026, 10:19:53 PM",Evening Weight Training,Weight Training,"",2188,0,144.0,5,false,,,activities/20206823755.fit.gz,,,2188.0,2188.0,0.0,0.0,0.0,0.0,0.0,,,0.0,0.0,,,,,144.0,95.0,,,155.0,,,5.0,,,,,,,,,,,,,0.0,0.0,1.0,,,,,,,,,,,,,,,,,,,,,,,,,,,,0.0,0.0,,,,,0.0,,,,,,12.0,,0.0,,,,,,1,6,""
19079776080,"Jun 27, 2026, 12:51:45 AM",Evening Workout,Workout,"",608,0,141.0,1,false,,,activities/20194673299.fit.gz,,,608.0,608.0,0.0,0.0,0.0,0.0,0.0,,,0.0,0.0,,,,,141.0,108.0,,,64.0,,,1.0,,,,,,,,,,,,,0.0,,1.0,,,,,,,,,,,,,,,,,,,,,,,,,,,,0.0,0.0,,,,,0.0,,,,,,44.0,,,,,,,,,,""
19079776056,"Jun 27, 2026, 12:00:58 AM",Evening Workout,Workout,,2101,0,148.0,14,false,,,activities/20194673223.fit.gz,,,2101.0,2101.0,0.0,0.0,0.0,0.0,0.0,,,0.0,0.0,,,,,148.0,134.0,,,319.0,,,14.0,,,,,,,,,,,,,0.0,,1.0,,,,,,,,,,,,,,,,,,,,,,,,,,,,0.0,0.0,,,,,0.0,,,,,,4292.0,,,,,,,,,,""
19079776062,"Jun 26, 2026, 11:03:37 PM",Evening Weight Training,Weight Training,,3425,0,155.0,10,false,,,activities/20194673174.fit.gz,,,3425.0,3425.0,0.0,0.0,0.0,0.0,0.0,,,0.0,0.0,,,,,155.0,105.0,,,296.0,,,10.0,,,,,,,,,,,,,0.0,0.0,1.0,,,,,,,,,,,,,,,,,,,,,,,,,,,,0.0,0.0,,,,,0.0,,,,,,6.0,,,,,,,,1,3,""
19069038439,"Jun 26, 2026, 1:31:51 AM",Post 12 hour day - get in and get out,Run,"",3344,9.73,180.0,114,false,,,activities/20183758026.fit.gz,,,3344.0,3335.0,9731.6,4.92,2.918,112.7,115.0,40.0,87.9,10.6,0.0,,,98.0,84.0,180.0,160.0,,310.0,702.0,,,114.0,1036058.0,,,,,,,,347.0,3345.0,,,0.0,,1.0,9925.6,1782435600.0,1.0,22.7,22.5,15.5,0.64,1016.9,1.4,4.2,168.0,0.0,1782379439.0,1782433876.0,0.375,,,0.0,1.0,0.16,29444.0,0.0,,,,,,2.91,0.0,,,,9330.0,0.0,,471.0,225.0,2.976,,,,,,,,,,,,||media/BB8D7C6C-0873-405C-8CED-7B69D748D86B.jpg|media/17B01B2F-CF82-4C4E-9722-9A29E8F06CD9.jpg|media/77E2990A-0BA0-4C13-83A2-3AB683FAE04E.jpg
19056422106,"Jun 25, 2026, 12:30:20 AM",Evening Workout,Workout,,1273,0,154.0,16,false,,,activities/20170962266.fit.gz,,,1273.0,1273.0,0.0,0.0,0.0,0.0,0.0,,,0.0,0.0,,,,,154.0,141.0,,,230.0,,,16.0,,,,,,,,,,,,,0.0,,1.0,,,,,,,,,,,,,,,,,,,,,,,,,,,,0.0,0.0,,,,,0.0,,,,,,2608.0,,,,,,,,,,""
19056422090,"Jun 25, 2026, 12:02:19 AM",Evening Weight Training,Weight Training,,1487,0,144.0,5,false,,,activities/20170962217.fit.gz,,,1487.0,1487.0,0.0,0.0,0.0,0.0,0.0,,,0.0,0.0,,,,,144.0,114.0,,,168.0,,,5.0,,,,,,,,,,,,,0.0,0.0,1.0,,,,,,,,,,,,,,,,,,,,,,,,,,,,0.0,0.0,,,,,0.0,,,,,,14.0,,,,,,,,1,7,""
19043426088,"Jun 24, 2026, 1:04:15 AM",Night Workout,Workout,"",721,0,139.0,1,false,,,activities/20157768955.fit.gz,,,721.0,721.0,0.0,0.0,0.0,0.0,0.0,0.0,0.0,0.0,0.0,,,,,139.0,104.0,,,71.0,,,1.0,,,,,,,,,,,,,0.0,,1.0,,,,,,,,,,,,,,,,,,,,,,,,,,,,0.0,0.0,,,,,0.0,,,,,,26.0,,,,,,,,,,""
19043425868,"Jun 24, 2026, 12:21:56 AM",Evening Workout,Workout,,1923,0,162.0,8,false,,,activities/20157768944.fit.gz,,,1923.0,1923.0,0.0,0.0,0.0,0.0,0.0,0.0,0.0,0.0,0.0,,,,,162.0,123.0,,,238.0,,,8.0,,,,,,,,,,,,,0.0,,1.0,,,,,,,,,,,,,,,,,,,,,,,,,,,,0.0,0.0,,,,,0.0,,,,,,3908.0,,,,,,,,,,""
19030126768,"Jun 23, 2026, 2:18:32 AM",Treadmill work,Run,"",2400,6.43,,,false,It was 3.1 at a 8.5 speed on the treadmill and then 0.9 walking so totaled out to 40 minutes ,,,,,2400.0,2400.0,6437.4,,2.682,,,,,,0.0,,,,,,,,,549.0,,,,,,,,,,,,,,,,0.0,,0.0,,,,,,,,,,,,,,,,,,,,,,,,,,,,2.682,0.0,,,,,0.0,,,,,,,,,,,,,,,,media/A343ADC1-E35A-493E-B6AA-94C632703F7D.jpg
19037973343,"Jun 23, 2026, 12:43:27 AM",Forgot to start first 10 mins - 40 min total 3.1 miles running - 0.9 walk,Workout,"",1803,0,187.0,42,false,,,activities/20152252693.fit.gz,,,1803.0,1803.0,0.0,0.0,0.0,0.0,0.0,0.0,0.0,0.0,0.0,,,,,187.0,150.0,,,309.0,,,42.0,,,,,,,,,,,,,0.0,,1.0,,,,,,,,,,,,,,,,,,,,,,,,,,,,0.0,0.0,,,,,0.0,,,,,,4340.0,,,,,,,,,,media/54908863-F2B0-40A0-AA48-4AB3FC6DCE29.jpg
19015191039,"Jun 21, 2026, 7:58:51 PM",Afternoon Walk,Walk,"",2462,3.57,119.0,6,false,,,activities/20129130908.fit.gz,,,2462.0,2462.0,3578.2,1.74,1.453,40.7,40.6,55.8,88.3,8.7,0.1,,,64.0,60.0,119.0,100.0,,,212.0,,,6.0,,,,,,,,,,,,,0.0,,1.0,,1782068400.0,3.0,27.1,27.9,12.7,0.41,1011.0,0.5,3.0,279.0,0.0,1782033772.0,1782088245.0,0.125,,,0.51,5.0,0.65,48355.0,4.0,,,,,,1.453,0.0,,,,4912.0,0.0,,,,,,,,,,,,,,,,|
19012905581,"Jun 21, 2026, 3:52:23 PM",These bootcamps r ode,Workout,25 min tread (3.04 miles - sprint intervals with jog) then lift and core circuit,3012,0,187.0,82,false,,,activities/20126807194.fit.gz,,,3012.0,3012.0,0.0,0.0,0.0,0.0,0.0,0.0,0.0,0.0,0.0,,,,,187.0,154.0,,,536.0,,,82.0,,,,,,,,,,,,,0.0,0.0,1.0,,,,,,,,,,,,,,,,,,,,,,,,,,,,0.0,0.0,,,,,0.0,,,,,,20.0,,0.0,,,,,,2,10,""
18999403065,"Jun 20, 2026, 3:58:37 PM",HR still a lil too high - need to do threshold test - 55 VO2 max not going all out is very good,Run,"",1545,4.99,177.0,62,false,,,activities/20113053831.fit.gz,,,1545.0,1531.0,4993.9,4.28,3.262,54.9,56.2,53.6,73.4,16.9,0.0,,,87.0,84.0,177.0,165.0,,363.0,344.0,,,62.0,556951.0,,,,,,,,393.0,1546.0,,,0.0,,1.0,5099.7,1781967600.0,1.0,22.3,21.5,11.7,0.51,1008.0,5.5,9.3,303.0,0.0,1781947360.0,1782001841.0,0.125,,,0.0,1.0,0.06,38619.0,7.0,,,,,,3.232,0.0,,,,4324.0,0.0,,279.0,255.0,3.331,,,,,,,,,,,,|
18998823792,"Jun 20, 2026, 3:21:11 PM",Sauna post lift,Workout,"",607,0,139.0,1,false,,,activities/20112465524.fit.gz,,,607.0,607.0,0.0,0.0,0.0,0.0,0.0,0.0,0.0,0.0,0.0,,,,,139.0,104.0,,,58.0,,,1.0,,,,,,,,,,,,,0.0,,1.0,,,,,,,,,,,,,,,,,,,,,,,,,,,,0.0,0.0,,,,,0.0,,,,,,26.0,,,,,,,,,,""
18998582072,"Jun 20, 2026, 2:47:35 PM",Morning Weight Training,Weight Training,"",1868,0,131.0,4,false,,,activities/20112219899.fit.gz,,,1868.0,1868.0,0.0,0.0,0.0,0.0,0.0,0.0,0.0,0.0,0.0,,,,,131.0,95.0,,,133.0,,,4.0,,,,,,,,,,,,,0.0,0.0,1.0,,,,,,,,,,,,,,,,,,,,,,,,,,,,0.0,0.0,,,,,0.0,,,,,,10.0,,0.0,,,,,,1,5,""
18986480867,"Jun 19, 2026, 4:16:20 PM",Lunch Workout,Workout,,1981,0,166.0,14,false,,,activities/20099928679.fit.gz,,,1981.0,1981.0,0.0,0.0,0.0,0.0,0.0,0.0,0.0,0.0,0.0,,,,,166.0,132.0,,,299.0,,,14.0,,,,,,,,,,,,,0.0,,1.0,,,,,,,,,,,,,,,,,,,,,,,,,,,,0.0,0.0,,,,,0.0,,,,,,4222.0,,,,,,,,,,""
18985682827,"Jun 19, 2026, 2:52:38 PM",Morning Weight Training,Weight Training,,2683,0,140.0,6,false,,,activities/20099121171.fit.gz,,,2683.0,2683.0,0.0,0.0,0.0,0.0,0.0,0.0,0.0,0.0,0.0,,,,,140.0,100.0,,,208.0,,,6.0,,,,,,,,,,,,,0.0,0.0,1.0,,,,,,,,,,,,,,,,,,,,,,,,,,,,0.0,0.0,,,,,0.0,,,,,,12.0,,0.0,,,,,,1,6,""
18977316245,"Jun 18, 2026, 9:21:32 PM",First run w the watch - heart rate zones aren't synced up with my body yet,Run,"Felt way too slow and my heart rate was too high for how slow I was going - didn't feel
Very hard just very boring",3393,9.66,178.0,126,false,,,activities/20090626867.fit.gz,,,3393.0,3380.0,9666.5,6.44,2.86,20.0,19.3,1.2,14.0,4.6,0.0,,,87.0,83.0,178.0,163.0,,318.0,764.0,,,126.0,1075753.0,,,,,,,,352.0,3394.0,,,0.0,,1.0,9682.6,1781816400.0,8.0,31.9,32.0,17.8,0.43,998.7,9.7,17.9,249.0,0.0,1781774667.0,1781829009.0,0.125,,,0.66,5.0,0.3,38690.0,3.0,,,,,,2.849,50.0,,,,9396.0,0.0,,493.0,229.0,2.865,,,,,,,,,,,,||media/7FA9A415-617C-4743-A774-BAA16AC0A30A.jpg|media/AD086C33-7FE8-4D73-BEAC-5FD2C8E584B2.jpg|media/C9C23DC3-D564-4320-83D2-F2041AABC3DE.jpg
18965839061,"Jun 18, 2026, 1:24:28 AM",Sauna - idk why the watch auto posts these,Workout,"",610,0,128.0,1,false,,,activities/20078992378.fit.gz,,,610.0,610.0,0.0,0.0,0.0,0.0,0.0,0.0,0.0,0.0,0.0,,,,,128.0,94.0,,,49.0,,,1.0,,,,,,,,,,,,,0.0,,1.0,,,,,,,,,,,,,,,,,,,,,,,,,,,,0.0,0.0,,,,,0.0,,,,,,,,,,,,,,,,""
18965737652,"Jun 18, 2026, 12:48:46 AM",Evening Workout,Workout,,1829,0,147.0,10,false,,,activities/20078889596.fit.gz,,,1829.0,1829.0,0.0,0.0,0.0,0.0,0.0,0.0,0.0,0.0,0.0,,,,,147.0,129.0,,,283.0,,,10.0,,,,,,,,,,,,,0.0,,1.0,,,,,,,,,,,,,,,,,,,,,,,,,,,,0.0,0.0,,,,,0.0,,,,,,3646.0,,,,,,,,,,""
18965485653,"Jun 18, 2026, 12:18:09 AM",Evening Weight Training,Weight Training,,1675,0,131.0,4,false,,,activities/20078634595.fit.gz,,,1675.0,1675.0,0.0,0.0,0.0,0.0,0.0,0.0,0.0,0.0,0.0,,,,,131.0,97.0,,,135.0,,,4.0,,,,,,,,,,,,,0.0,2635.9,1.0,,,,,,,,,,,,,,,,,,,,,,,,,,,,0.0,0.0,,,,,0.0,,,,,,138.0,,0.0,,,,,,8,69,""
18937413081,"Jun 16, 2026, 1:38:26 AM",Post legs run - get in get out,Run,No music,1622,5.00,,,false,,,activities/18937413081.gpx,,,1622.0,1622.0,5004.1,5.32,3.085,45.1,46.4,56.9,74.0,9.7,0.0,,,,,,,,,432.0,,,,,,,,,,,,,,,,0.0,,1.0,5065.5,1781571600.0,1.0,18.2,15.3,9.5,0.57,1008.3,3.6,5.6,312.0,0.0,1781515327.0,1781569740.0,0.0,,,0.97,5.0,0.03,33412.0,0.0,,,,,,3.085,0.0,,,,4292.0,0.0,,,,3.123,,,,,,,,,,,,|
18917669963,"Jun 14, 2026, 1:41:36 PM",Treadmill mile - just to move,Run,Knicks won 🗽,390,1.61,,,false,,,,,,390.0,390.0,1609.3,,4.127,,,,,,0.0,,,,,,,,,137.0,,,,,,,,,,,,,,,,0.0,,0.0,,,,,,,,,,,,,,,,,,,,,,,,,,,,4.127,0.0,,,,,0.0,,,,,,,,,,,,,,,,""
18907896185,"Jun 13, 2026, 6:26:52 PM",It's hot outside - good pace,Run,Let's go Knicks,1535,5.05,,,false,,,activities/18907896185.gpx,,,1535.0,1532.0,5053.8,4.66,3.299,51.4,50.7,58.4,73.9,22.3,0.0,,,,,,,,,440.0,,,,,,,,,,,,,,,,0.0,,1.0,5163.3,1781373600.0,1.0,28.5,30.2,15.8,0.46,1011.1,2.1,3.1,293.0,0.0,1781342527.0,1781396891.0,0.875,,,0.0,1.0,0.07,41122.0,8.0,,,,,,3.292,0.0,,,,4070.0,0.0,,,,3.37,,,,,,,,,,,,|
18884035123,"Jun 11, 2026, 10:46:10 PM",MILE 6 - ALL GRIT,Run,Dying after this one,512,1.61,,,false,,,activities/18884035123.gpx,,,512.0,510.0,1609.1,6.22,3.155,0.0,6.9,6.9,13.9,4.0,-0.3,,,,,,,,,137.0,,,,,,,,,,,,,,,,0.0,,1.0,1603.1,1781215289.0,3.0,32.2,31.9,22.3,0.56,1006.1,4.2,7.9,257.0,0.3,1781169850.0,1781224045.0,0.875,,,0.63,5.0,1.0,34476.1,1.0,,,,,,3.143,0.0,,,,1244.0,0.0,,,,3.143,,,,,,,,,,,,|
18883945045,"Jun 11, 2026, 10:36:44 PM",5th total mile - caught a second wind gonna try to find a 3rd,Run,"",467,1.61,,,false,,,activities/18883945045.gpx,,,467.0,467.0,1613.0,8.94,3.454,3.6,0.0,8.8,12.5,3.3,0.1,,,,,,,,,138.0,,,,,,,,,,,,,,,,0.0,,1.0,1619.1,1781215289.0,3.0,32.2,31.9,22.3,0.56,1006.1,4.2,7.9,257.0,0.3,1781169850.0,1781224045.0,0.875,,,0.63,5.0,1.0,34476.1,1.0,,,,,,3.454,0.0,,,,1228.0,0.0,,,,3.467,,,,,,,,,,,,|
18883873702,"Jun 11, 2026, 10:00:34 PM",Finishing the run in separate intervals - 6 total - long ass day,Run,Momentum,1961,6.44,,,false,,,activities/18883873702.gpx,,,1961.0,1955.0,6444.7,7.58,3.297,18.8,15.9,1.7,12.3,5.4,0.0,,,,,,,,,552.0,,,,,,,,,,,,,,,,0.0,,1.0,6469.0,1781215289.0,3.0,32.2,31.9,22.3,0.56,1006.1,4.2,7.9,257.0,0.3,1781169850.0,1781224045.0,0.875,,,0.63,5.0,1.0,34476.1,1.0,,,,,,3.286,0.0,,,,5062.0,0.0,,,,3.309,,,,,,,,,,,,||media/2D5EC620-7735-4E14-A02F-A82A2CEF3D3A.jpg
18843802471,"Jun 8, 2026, 11:24:03 PM",Post work post legs 5k - get in and get out #LGK,Run,"",1457,5.00,,,false,,,activities/18843802471.gpx,,,1457.0,1450.0,4999.5,8.9,3.448,18.7,17.7,2.7,11.4,45.8,0.0,,,,,,,,,433.0,,,,,,,,,,,,,,,,0.0,,1.0,5075.1,1780959600.0,1.0,20.9,19.7,7.9,0.43,1024.7,4.6,6.9,171.0,0.0,1780910704.0,1780964756.0,0.75,,,0.0,1.0,0.06,40800.0,0.0,,,,,,3.431,0.0,,,,3786.0,0.0,,,,3.5,,,,,,,,,,,,media/B285D987-75D0-4E94-82C1-A3D438F90ACE.jpg|media/F223508B-2EA1-4086-8B93-79145F8AB5C3.jpg||
18827864646,"Jun 7, 2026, 5:13:39 PM",Treadmill work at LT,Run,Sweat ode but felt good at a faster pace,1440,5.09,,,false,,,,,,1440.0,1440.0,5093.3,,3.537,,,,,,0.0,,,,,,,,,434.0,,,,,,,,,,,,,,,,0.0,,0.0,,,,,,,,,,,,,,,,,,,,,,,,,,,,3.537,0.0,,,,,0.0,,,,,,,,,,,,,,,,""
18801923576,"Jun 5, 2026, 9:39:19 PM",Work Week 1 Done - Momentum into week 2,Run,Wasn't gonna run today - did other cardio and ran another mile before the is thag strava didn't clock,432,1.61,,,false,,,activities/18801923576.gpx,,,432.0,432.0,1610.0,8.02,3.727,6.0,5.5,2.4,8.8,36.7,-0.1,,,,,,,,,139.0,,,,,,,,,,,,,,,,0.0,,1.0,1634.6,1780693200.0,2.0,30.9,31.0,12.3,0.32,1013.3,3.7,6.0,201.0,0.0,1780651532.0,1780705430.0,0.625,,,0.0,1.0,0.44,56177.0,3.0,,,,,,3.727,0.0,,,,1154.0,0.0,,,,3.784,,,,,,,,,,,,media/C24541F6-B478-4B93-8E31-769A42566D94.jpg|media/D08CFA1B-83C3-40ED-A58D-87085F965C68.jpg|media/8EB25AB6-2CCB-4AE3-BCB1-A00A9032A2C7.jpg||
18791494281,"Jun 5, 2026, 12:40:45 AM",Idc if it was slow - last 2 miles were a struggle 💩,Run,"",3753,9.65,,,false,,,activities/18791494281.gpx,,,3753.0,3362.0,9656.5,5.96,2.872,133.1,133.3,55.8,87.4,49.3,0.0,,,,,,,,,853.0,,,,,,,,,,,,,,,,0.0,,1.0,10009.0,1780617600.0,1.0,23.3,22.2,12.0,0.49,1016.4,2.6,2.6,194.0,0.0,1780565020.0,1780618983.0,0.625,,,0.0,1.0,0.22,38016.0,0.0,,,,,,2.573,0.0,,,,8590.0,0.0,,,,2.977,,,,,,,,,,,,|
18750184437,"Jun 2, 2026, 1:59:02 AM",Post work post legs 5k - slow but breathe controlled,Run,"",1819,5.00,,,false,,,activities/18750184437.gpx,,,1819.0,1674.0,5003.9,10.42,2.989,44.7,54.7,55.8,88.3,9.6,-0.2,,,,,,,,,431.0,,,,,,,,,,,,,,,,0.0,,1.0,5060.1,1780362000.0,1.0,13.8,13.3,8.2,0.69,1020.6,0.6,2.3,47.0,0.0,1780305899.0,1780359662.0,0.625,,,0.69,5.0,0.05,30438.0,0.0,,,,,,2.751,0.0,,,,4274.0,0.0,,,,3.023,,,,,,,,,,,,|
18733297369,"May 31, 2026, 5:44:11 PM",Quick lil walk,Walk,"",2215,3.20,,,false,,,activities/18733297369.gpx,,,2215.0,2183.0,3203.0,3.4,1.467,32.1,24.3,58.4,88.3,37.1,0.3,,,,,,,,,273.0,,,,,,,,,,,,,,,,0.0,,1.0,,1780246800.0,1.0,21.4,20.0,8.0,0.42,1014.8,4.4,4.9,299.0,0.0,1780219532.0,1780273230.0,0.5,,,0.0,1.0,0.32,44390.0,6.0,,,,,,1.446,0.0,,,,4314.0,0.0,,,,,,,,,,,,,,,,|
18693917992,"May 28, 2026, 7:34:24 PM",Good lift today - I need to get back in shape,Run,"Slowly but surely. Felt somewhat tough, my calves r cooked from golf. My heart rate needs to be lower",1584,5.18,,,false,,,activities/18693917992.gpx,,,1584.0,1581.0,5187.6,4.42,3.281,64.4,63.5,39.7,69.4,19.0,0.0,,,,,,,,,453.0,,,,,,,,,,,,,,,,0.0,,1.0,5314.0,,,,,,,,,,,,,,,,,,,,,,,,,,,3.275,0.0,,,,4126.0,0.0,,,,3.361,,,,,,,,,,,,""
18668693804,"May 26, 2026, 11:58:39 PM",Not crazy effort - better 5k movement,Run,Still not feeling back to normal yet - needa find a gym,1551,4.99,,,false,,,activities/18668693804.gpx,,,1551.0,1543.0,4998.3,6.8,3.239,46.4,48.0,39.8,69.4,31.4,0.0,,,,,,,,,434.0,,,,,,,,,,,,,,,,0.0,,1.0,5085.5,,,,,,,,,,,,,,,,,,,,,,,,,,,3.223,0.0,,,,3958.0,0.0,,,,3.296,,,,,,,,,,,,media/D7DF25CE-9B40-42E9-8335-A7AAF7090F08.jpg
18654215452,"May 25, 2026, 9:33:19 PM",Walked 18 holes before ts - first run back in the states #SlowAsFuck,Run,"",3359,9.98,,,false,,,activities/18654215452.gpx,,,3359.0,3345.0,9984.2,4.32,2.985,103.4,89.4,58.4,124.6,11.7,0.1,,,,,,,,,868.0,,,,,,,,,,,,,,,,0.0,,1.0,10175.3,,,,,,,,,,,,,,,,,,,,,,,,,,,2.972,0.0,,,,8872.0,0.0,,,,3.042,,,,,,,,,,,,media/58369B73-EF31-4857-B368-33E89CF00AC9.jpg
18585407458,"May 20, 2026, 5:44:30 PM",My back hurts,Run,"",1098,3.30,,,false,,,activities/18585407458.gpx,,,1098.0,1089.0,3301.5,9.82,3.032,49.3,21.7,633.8,669.7,17.5,0.8,,,,,,,,,294.0,,,,,,,,,,,,,,,,0.0,,1.0,3445.7,,,,,,,,,,,,,,,,,,,,,,,,,,,3.007,169.1,,,,2944.0,0.0,,,,3.164,,,,,,,,,,,,""
18570732188,"May 19, 2026, 4:22:25 PM",Chill walk forgot to record first 40 mins,Walk,"",1793,2.42,,,false,,,activities/18570732188.gpx,,,1793.0,1697.0,2426.3,3.54,1.43,18.0,32.3,658.4,687.4,6.1,-0.7,,,,,,,,,207.0,,,,,,,,,,,,,,,,0.0,,1.0,,,,,,,,,,,,,,,,,,,,,,,,,,,,1.353,0.0,,,,3154.0,0.0,,,,,,,,,,,,,,,,""
18557327509,"May 18, 2026, 4:50:24 PM",First 2 miles in a while - went very easy - this is gonna be tough to get back to where I was,Run,Can't believe it's over,1027,3.23,,,false,,,activities/18557327509.gpx,,,1027.0,1001.0,3230.2,7.44,3.227,54.0,59.3,625.9,658.9,18.7,-0.1,,,,,,,,,289.0,,,,,,,,,,,,,,,,0.0,,1.0,3384.9,,,,,,,,,,,,,,,,,,,,,,,,,,,3.145,26.5,,,,2692.0,0.0,,,,3.382,,,,,,,,,,,,media/356B947E-C936-474D-9DBE-DDDE9B44D06F.jpg
18518576542,"May 15, 2026, 3:47:07 PM",Post run walk,Walk,"",1254,1.61,,,false,,,activities/18518576542.gpx,,,1254.0,1143.0,1610.6,2.487,1.409,9.6,36.0,5.2,41.2,8.6,-1.6,,,,,,,,,137.0,,,,,,,,,,,,,,,,0.0,,1.0,,,,,,,,,,,,,,,,,,,,,,,,,,,,1.284,0.0,,,,2178.0,0.0,,,,,,,,,,,,,,,,media/B78F1371-1509-4929-B128-8E5BE7AC68A8.jpg|media/4539AD55-6AE5-4C0C-B9D8-1D13E423A13B.mp4
18518290333,"May 15, 2026, 3:34:38 PM","First run in 2 weeks - Mallorca run, kept a slow pace to get back into it, hella hills",Run,Genuinely my first bit of movement in 2 weeks - felt decent too many hills for first day. This is gonna be tough. Fuck 2 week long food poisoning,585,1.61,,,false,,,activities/18518290333.gpx,,,585.0,569.0,1610.9,3.97,2.831,34.3,18.6,5.2,40.0,43.7,1.0,,,,,,,,,153.0,,,,,,,,,,,,,,,,0.0,,1.0,1791.4,,,,,,,,,,,,,,,,,,,,,,,,,,,2.754,155.2,,,,1410.0,0.0,,,,3.148,,,,,,,,,,,,media/D5408AF2-82BA-4DF6-B2F5-F45C7D10ECB7.jpg|media/5A23286B-14E7-4C9D-8593-1270A48CF3CB.jpg
18476727212,"May 12, 2026, 12:36:44 PM",Haven't been able to move in 10 days #FuckFoodPoisoning,Walk,"",1261,1.71,,,false,,,activities/18476727212.gpx,,,1261.0,1261.0,1711.5,2.2,1.357,30.9,30.2,631.5,657.4,49.4,0.0,,,,,,,,,146.0,,,,,,,,,,,,,,,,0.0,,1.0,,,,,,,,,,,,,,,,,,,,,,,,,,,,1.357,927.2,,,,2432.0,0.0,,,,,,,,,,,,,,,,""
18321242050,"Apr 30, 2026, 4:26:26 PM",Quick 2 miles - not too hard for pretty good pace #OneStepForward,Run,"",858,3.22,,,false,,,activities/18321242050.gpx,,,858.0,858.0,3222.4,6.38,3.756,18.7,28.3,634.2,658.3,7.8,-0.3,,,,,,,,,276.0,,,,,,,,,,,,,,,,0.0,,1.0,3235.5,,,,,,,,,,,,,,,,,,,,,,,,,,,3.756,223.7,,,,2238.0,0.0,,,,3.771,,,,,,,,,,,,media/A3583780-58E8-4D0D-ADD2-23E2C4BB547D.jpg|media/3A6E688A-89D6-48AF-81A5-4A37B422E5F7.jpg
18309963236,"Apr 29, 2026, 6:01:20 PM",5k again - just moving out there,Run,"",1522,5.00,,,false,,,activities/18309963236.gpx,,,1522.0,1522.0,4999.0,6.22,3.284,62.2,49.9,639.5,682.8,20.8,0.2,,,,,,,,,439.0,,,,,,,,,,,,,,,,0.0,,1.0,5145.2,,,,,,,,,,,,,,,,,,,,,,,,,,,3.284,0.0,,,,3922.0,0.0,,,,3.381,,,,,,,,,,,,media/293544BE-2E24-4FD8-A40A-9DA356BFA0B4.jpg|media/527F9B95-774C-43B6-B107-4FF2C38F0CEA.jpg|media/06C04836-2118-4B54-A1FD-1CC4274805E4.jpg|media/D499721B-1F39-4179-B027-5308045FD8D4.jpg
18297490627,"Apr 28, 2026, 7:48:13 PM",Back in Madrid 5k - slowly but surely (Ibiza murdered me),Run,"",1635,4.99,,,false,,,activities/18297490627.gpx,,,1635.0,1635.0,4995.1,10.0,3.055,72.1,76.6,635.4,680.9,18.2,-0.1,,,,,,,,,439.0,,,,,,,,,,,,,,,,0.0,,1.0,5147.9,,,,,,,,,,,,,,,,,,,,,,,,,,,3.055,8.3,,,,4378.0,0.0,,,,3.149,,,,,,,,,,,,media/CBC7CE08-BE3D-4539-85E2-4FF80FE3AE55.mp4|media/72F7DE2A-0470-4694-B787-696A3E3C9BF7.jpg|media/93422332-4B20-434C-AD2A-4E87F6236B88.jpg|media/CA1FFE4B-A4B6-4910-B108-ABFF33397415.jpg|media/C423ECAC-CF2A-46F9-B8B3-C3D2947BB330.jpg|media/C92F1726-38A0-41D6-BEE6-F8945E40E26D.jpg|media/6AF3BFFE-9DC4-4F13-A1A8-EDE9BA0E435E.jpg
18248740815,"Apr 25, 2026, 8:49:17 AM",Ibiza island run 🪂,Run,Juan left me halfway,2071,6.46,,,false,,,activities/18248740815.gpx,,,2071.0,1998.0,6468.2,4.86,3.237,44.1,44.3,3.0,48.0,11.8,0.0,,,,,,,,,555.0,,,,,,,,,,,,,,,,0.0,,1.0,6508.7,,,,,,,,,,,,,,,,,,,,,,,,,,,3.123,186.9,,,,5130.0,0.0,,,,3.258,,,0.0,0.0,,,,0.0,,,,media/9A0F6F41-A030-4E24-9203-86467124D06B.jpg|media/36EDF428-F437-404D-871F-82C2100E9248.jpg|media/902B6EFE-08E0-4B13-AC74-C2A6E834AC5E.mp4|media/B786C339-AADE-4E22-A14D-393871BC287B.jpg
18223450695,"Apr 23, 2026, 9:49:29 AM",10 miles on the week - Ibiza weekend - my ankles r cooked,Run,Zone 2 for sure I need a watch tho,2491,6.64,,,false,,,activities/18223450695.gpx,,,2491.0,2158.0,6648.1,6.95,3.081,82.0,64.6,633.8,676.0,20.8,0.2,,,,,,,,,583.0,,,,,,,,,,,,,,,,0.0,,1.0,6834.6,,,,,,,,,,,,,,,,,,,,,,,,,,,2.669,0.0,,,,5526.0,0.0,,,,3.167,,,0.0,0.0,,,,0.0,,,,media/CAB9CA5B-0D73-45DD-AC8A-4C45D9F81D88.jpg|media/159A787F-2BF2-4F36-AB19-CFF2AE58AE9A.jpg|media/FC8F5C16-A2E1-4282-8A3A-DF1D7245CB50.jpg
18197800097,"Apr 21, 2026, 1:32:52 PM",lil bit of extra movement pre class,Run,"",580,1.71,,,false,,,activities/18197800097.gpx,,,580.0,487.0,1718.1,5.92,3.528,19.0,21.2,664.8,680.0,5.3,-0.1,,,,,,,,,148.0,,,,,,,,,,,,,,,,0.0,,1.0,1738.5,,,,,,,,,,,,,,,,,,,,,,,,,,,2.962,0.0,,,,1218.0,0.0,,,,3.57,,,,,,,,,,,,media/3046BB9D-29A2-4B62-A9E8-55E8C05DF8D8.jpg|media/862D9DE6-A1AB-4564-88F7-DFCA75C6EA05.jpg
18197309613,"Apr 21, 2026, 12:36:35 PM",First half - run to the bull fighting arena,Run,"",1548,4.50,,,false,,,activities/18197309613.gpx,,,1548.0,1397.0,4499.4,6.08,3.221,37.7,46.2,666.9,694.6,9.1,-0.2,,,,,,,,,387.0,,,,,,,,,,,,,,,,0.0,,1.0,4533.0,,,,,,,,,,,,,,,,,,,,,,,,,,,2.907,68.9,,,,3494.0,0.0,,,,3.245,,,,,,,,,,,,media/65E1876C-AE5E-4A34-B83B-5CD640EDD79E.jpg|media/000A7337-CCE9-4961-A2F5-D175D0C4C845.jpg
18182824378,"Apr 20, 2026, 11:29:29 AM",Had time before class,Run,"",449,1.61,,,false,,,activities/18182824378.gpx,,,449.0,449.0,1614.9,5.46,3.597,19.2,26.6,657.1,680.7,10.7,-0.4,,,,,,,,,140.0,,,,,,,,,,,,,,,,0.0,,1.0,1643.3,,,,,,,,,,,,,,,,,,,,,,,,,,,3.597,0.0,,,,1238.0,0.0,,,,3.66,,,,,,,,,,,,media/937FD456-190A-4479-888C-F26A165A599B.jpg
18182647296,"Apr 20, 2026, 11:14:34 AM",Midday mile to start the week - it's so nice out,Run,"",459,1.61,,,false,,,activities/18182647296.gpx,,,459.0,459.0,1618.3,5.82,3.526,31.1,18.1,639.1,664.6,26.1,1.1,,,,,,,,,150.0,,,,,,,,,,,,,,,,0.0,,1.0,1756.6,,,,,,,,,,,,,,,,,,,,,,,,,,,3.526,0.0,,,,1246.0,0.0,,,,3.827,,,,,,,,,,,,media/4AB4E3E2-E0DB-4594-8E6C-8D6589468846.mp4
18174427356,"Apr 19, 2026, 3:22:43 PM",Amsterdam 5k - pre flight,Run,"",1517,4.99,,,false,,,activities/18174427356.gpx,,,1517.0,1492.0,4997.6,5.44,3.35,7.2,8.7,2.6,6.5,7.8,0.0,,,,,,,,,427.0,,,,,,,,,,,,,,,,0.0,,1.0,5011.8,,,,,,,,,,,,,,,,,,,,,,,,,,,3.294,127.9,,,,3962.0,0.0,,,,3.359,,,,,,,,,,,,media/07DB4659-B0C8-47FB-82C4-FC5B06A4792B.jpg|media/0ABF8F7C-8012-44AE-8C05-D740DE0F0DA6.jpg|media/B795DD57-1626-4ED4-B470-1F0B78D53933.jpg|media/7790A92C-6314-4655-95A2-B96E94FF8CC2.jpg|media/6A9C2A35-76B9-4F14-8054-96875C7E45A7.jpg|media/E90F59FA-77BB-4A79-BEEA-C91E5CDFF887.jpg
18135639536,"Apr 16, 2026, 5:57:38 PM",Post run walk,Walk,"",1189,1.63,,,false,,,activities/18135639536.gpx,,,1189.0,1189.0,1637.4,2.48,1.377,31.3,11.0,638.4,660.2,37.1,1.2,,,,,,,,,140.0,,,,,,,,,,,,,,,,0.0,,1.0,,,,,,,,,,,,,,,,,,,,,,,,,,,,1.377,36.2,,,,2230.0,0.0,,,,,,,,,,,,,,,,media/E6D2A0C0-6E52-46A6-883B-90A54E812B94.jpg|media/943D99A7-1C12-4FD2-B8B2-6891B754CA2A.jpg|media/2783FADF-8623-4B9A-B571-1217E35B2829.jpg|media/F415D7A3-D367-4B42-8094-56B1CDFF1111.jpg
18135178445,"Apr 16, 2026, 5:14:46 PM",Random run #3 - always end back up at the palace,Run,Zone 2 fasho,1971,6.43,,,false,,,activities/18135178445.gpx,,,1971.0,1946.0,6437.5,6.58,3.308,65.4,84.9,632.8,688.0,18.4,-0.3,,,,,,,,,558.0,,,,,,,,,,,,,,,,0.0,,1.0,6547.2,,,,,,,,,,,,,,,,,,,,,,,,,,,3.266,0.0,,,,5004.0,0.0,,,,3.364,,,0.0,0.0,,,,0.0,,,,media/BC202144-5130-44B5-AAA0-46266CD326AC.jpg|media/30B0EEF5-3767-4354-84A0-6DF655E0CA06.jpg|media/2EB246B0-9375-4990-A3D7-D0068FFB9E9D.jpg|media/7EA3320C-98E6-4C98-BB8C-42E484F966F5.jpg|media/D642F60C-7D07-4F7E-8C6C-E9AD7F4C796E.jpg
18116444840,"Apr 15, 2026, 9:57:51 AM",Walk,Walk,"",2776,3.93,,,false,,,activities/18116444840.gpx,,,2776.0,2655.0,3930.4,8.02,1.48,34.1,59.3,639.1,679.9,30.7,-0.6,,,,,,,,,335.0,,,,,,,,,,,,,,,,0.0,,1.0,,,,,,,,,,,,,,,,,,,,,,,,,,,,1.416,68.9,,,,5224.0,0.0,,,,,,,,,,,,,,,,media/C378958B-A4AB-4A88-AEBF-F5CDE9086F0D.jpg
18108171870,"Apr 14, 2026, 5:08:52 PM",Random run #2 - zone 2 movement - lower back tweaked a lil,Run,"",2738,8.17,,,false,,,activities/18108171870.gpx,,,2738.0,2714.0,8169.7,5.72,3.01,107.2,82.2,628.8,670.7,19.6,0.3,,,,,,,,,718.0,,,,,,,,,,,,,,,,0.0,,1.0,8414.5,,,,,,,,,,,,,,,,,,,,,,,,,,,2.984,7.0,,,,6978.0,0.0,,,,3.1,,,,,,,,,,,,media/9E41539D-EFC4-4E04-82B1-4C6C8899B134.jpg|media/2E68868C-2075-47DB-A020-C4B1A29662C9.jpg|media/331C4800-413F-4F90-BE51-CEF64F6FAABF.jpg|media/7CA0B467-7AEF-4020-8AE3-81144D6374A0.jpg|media/726A92E4-BC0E-49C2-98FF-61EDC1554D7F.jpg
18093928887,"Apr 13, 2026, 5:13:53 PM",Quick shakeout mile - legs r so tired and dead,Run,"",493,1.64,,,false,,,activities/18093928887.gpx,,,493.0,487.0,1641.4,5.21,3.37,35.4,27.8,639.1,664.9,24.5,0.6,,,,,,,,,149.0,,,,,,,,,,,,,,,,0.0,,1.0,1749.9,,,,,,,,,,,,,,,,,,,,,,,,,,,3.329,0.0,,,,1282.0,0.0,,,,3.593,,,0.0,0.0,,,,0.0,,,,media/68208D8D-33DE-4041-B607-FA184E9BDC46.jpg
18083315988,"Apr 12, 2026, 4:56:15 PM",Idk where I even ran today - zone 2 - Prague was tuff,Run,"",2656,8.42,,,false,,,activities/18083315988.gpx,,,2656.0,2631.0,8420.0,7.92,3.2,109.4,121.4,634.2,669.9,13.5,-0.1,,,,,,,,,732.0,,,,,,,,,,,,,,,,0.0,,1.0,8584.7,,,,,,,,,,,,,,,,,,,,,,,,,,,3.17,649.5,,,,6594.0,0.0,,,,3.263,,,,,,,,,,,,media/2B444055-08CC-4F7C-A339-00BF7D55F200.jpg|media/B4C5CF1E-54CE-49A3-8E58-C58581391143.jpg|media/12C8676E-AC97-4CD8-A5FA-EB99944105C3.jpg|media/0551BEC5-948C-4198-83AC-949EB54E9AAA.jpg|media/A4BD89C5-A08B-4BAC-AD97-DF766706E30F.jpg|media/C14D33D9-ED15-4767-B48B-25A043638528.jpg|media/977C53DF-21FF-4BD0-9F89-C0DA02F8ADFD.jpg|media/7A725FC8-9E92-431B-AA7E-5898AA031B15.jpg|media/09D2321F-CBCF-41EE-B08B-D50F61CC7803.jpg
18062662759,"Apr 11, 2026, 8:46:39 AM",Run back from gym - Prague,Run,"",566,2.05,,,false,,,activities/18062662759.gpx,,,566.0,566.0,2056.3,6.04,3.633,4.8,15.9,198.1,210.1,3.3,-0.5,,,,,,,,,174.0,,,,,,,,,,,,,,,,0.0,,1.0,2038.7,,,,,,,,,,,,,,,,,,,,,,,,,,,3.633,0.0,,,,1400.0,0.0,,,,3.602,,,,,,,,,,,,media/150EE8DC-A2A5-455E-AF89-1BAF0AFE2577.jpg
18061979618,"Apr 11, 2026, 7:44:15 AM",Morning run in Prague to gym - it's freezing lol,Run,"",480,1.66,,,false,,,activities/18061979618.gpx,,,480.0,480.0,1659.6,5.68,3.458,16.5,5.3,198.0,215.1,4.4,0.7,,,,,,,,,144.0,,,,,,,,,,,,,,,,0.0,,1.0,1691.8,,,,,,,,,,,,,,,,,,,,,,,,,,,3.458,0.0,,,,1202.0,0.0,,,,3.525,,,,,,,,,,,,media/316395A5-3306-4E78-84E4-E412841519ED.jpg
18015852211,"Apr 7, 2026, 4:39:58 PM",Ima miss these runs,Run,"",1544,5.00,,,false,,,activities/18015852211.gpx,,,1544.0,1529.0,5001.5,7.88,3.271,76.3,60.9,635.0,674.2,16.8,0.3,,,,,,,,,442.0,,,,,,,,,,,,,,,,0.0,,1.0,5189.0,,,,,,,,,,,,,,,,,,,,,,,,,,,3.239,0.0,,,,3928.0,0.0,,,,3.479,,,,,,,,,,,,media/9CFFC6A8-B248-429B-881A-DF4667D4E26E.jpg
18003339722,"Apr 6, 2026, 5:41:47 PM",35 k steps today - cooldown movement,Run,"",483,1.61,,,false,,,activities/18003339722.gpx,,,483.0,472.0,1613.7,5.72,3.419,22.9,12.7,655.3,678.6,6.1,0.3,,,,,,,,,142.0,,,,,,,,,,,,,,,,0.0,,1.0,1661.0,,,,,,,,,,,,,,,,,,,,,,,,,,,3.341,0.0,,,,1216.0,0.0,,,,3.519,,,,,,,,,,,,""
17986166718,"Apr 5, 2026, 10:53:11 AM",The slow runs do work - I love Madrid,Run,"",1343,4.99,,,false,,,activities/17986166718.gpx,,,1343.0,1343.0,4993.0,7.88,3.718,57.6,68.9,636.1,675.8,15.9,-0.3,,,,,,,,,435.0,,,,,,,,,,,,,,,,0.0,,1.0,5101.0,,,,,,,,,,,,,,,,,,,,,,,,,,,3.718,0.0,,,,3550.0,0.0,,,,3.798,,,,,,,,,,,,media/4550121C-6A46-4C3A-A40F-9D084C1FD79F.jpg|media/AECECA93-9BAD-4028-B154-ED2091499CD1.jpg
17959690905,"Apr 3, 2026, 9:13:35 AM",5 miles w Juan in Rome - ran 3 to a keyhole just for the line to be 300 people long,Run,"",3129,8.06,,,false,,,activities/17959690905.gpx,,,3129.0,2602.0,8062.9,5.66,3.099,43.7,43.6,13.9,52.6,26.5,0.0,,,,,,,,,702.0,,,,,,,,,,,,,,,,0.0,,1.0,8231.8,,,,,,,,,,,,,,,,,,,,,,,,,,,2.577,44.5,,,,6298.0,0.0,,,,3.164,,,,,,,,,,,,media/3DF259A6-6B82-40E7-B7F1-CFD1468F268C.jpg|media/952A7A9F-306A-4305-8D77-48B77C96CAEC.jpg|media/FEE2BE8F-D411-4250-9B0D-6C2C7502630A.jpg|media/89E649AF-DB97-445D-B805-2BB836C8E876.jpg|media/AD8EF665-1761-4D69-9855-E19BF39DF6E4.mp4|media/EF31215C-CF6B-4670-8026-2417089AF575.jpg|media/8FC9A508-6672-4668-A3A4-1EEB0B660B2E.jpg
17922617369,"Mar 31, 2026, 10:00:21 AM",Hill run Florence,Run,"",984,3.21,,,false,,,activities/17922617369.gpx,,,984.0,984.0,3218.8,5.6,3.271,55.1,13.2,51.2,101.1,16.3,1.4,,,,,,,,,295.0,,,,,,,,,,,,,,,,0.0,,1.0,3462.0,,,,,,,,,,,,,,,,,,,,,,,,,,,3.271,0.0,,,,2490.0,0.0,,,,3.518,,,0.0,0.0,,,,0.0,,,,media/D4142CA6-4F62-497A-949B-7AE4628D55DE.jpg|media/C372E870-B42C-4F52-A0A1-CE66C6BCA208.jpg|media/F36AFD7D-EB04-4BB8-A27E-9628D0330EA6.mp4|media/24A7B1C4-2E26-4BB3-9BD9-5D7B2C959FFB.jpg
17909929390,"Mar 30, 2026, 9:10:27 AM",First run in Florence - this place is crazy,Run,I need a sandwich from this place,1865,6.44,,,false,,,activities/17909929390.gpx,,,1865.0,1839.0,6439.3,11.26,3.502,20.2,18.9,49.0,57.8,12.6,0.0,,,,,,,,,552.0,,,,,,,,,,,,,,,,0.0,,1.0,6472.7,,,,,,,,,,,,,,,,,,,,,,,,,,,3.453,7.7,,,,4482.0,0.0,,,,3.52,,,,,,,,,,,,media/B2BBEC36-0D52-4282-AB9A-22F2B9ABC6D6.jpg|media/440B60D1-1319-4EC3-A690-ABABE96A9424.jpg|media/928D138F-ADD7-4585-88AB-8EEF03902432.jpg|media/9E3F62F4-4491-4F97-9288-BB8079A8085F.jpg
17884900825,"Mar 28, 2026, 8:21:46 AM",Nice run in nice w Juan,Run,"",2170,6.54,,,false,,,activities/17884900825.gpx,,,2170.0,2164.0,6540.0,6.02,3.022,18.6,21.6,7.8,16.5,13.4,0.0,,,,,,,,,559.0,,,,,,,,,,,,,,,,0.0,,1.0,6561.2,,,,,,,,,,,,,,,,,,,,,,,,,,,3.014,0.0,,,,5594.0,0.0,,,,3.032,,,,,,,,,,,,media/2CB87346-8EFF-45FA-9976-E26D7A89AC1C.jpg|media/A907ECCF-8560-44AD-8A36-76B9B7025C4F.jpg|media/83AB0A2F-BC38-4CDD-96CF-B5D9E63DE398.jpg|media/04703F23-FF80-413C-8A71-BAAE9ADF568B.mp4
17865875846,"Mar 26, 2026, 2:09:27 PM",Nice week w the parents - onto Italy spring break,Run,"",960,3.29,,,false,,,activities/17865875846.gpx,,,960.0,957.0,3291.3,6.04,3.439,46.2,42.3,636.1,665.4,23.5,0.1,,,,,,,,,293.0,,,,,,,,,,,,,,,,0.0,,1.0,3440.5,,,,,,,,,,,,,,,,,,,,,,,,,,,3.428,20.2,,,,2434.0,0.0,,,,3.595,,,,,,,,,,,,media/3FAA8ECD-CF84-4F18-BAED-2506A68BFE54.jpg|media/001EE161-E630-4E93-B3F2-01629B093258.jpg|media/40538F58-E07C-4993-8503-5F0FDF85ED67.jpg|media/E6FA2625-E16D-4B19-A877-B1EE1268749C.jpg|media/5D46072C-F0DC-423A-8B72-74ECBC2F237A.jpg
17820653667,"Mar 22, 2026, 6:25:59 PM",5 miler in Paris - top 3 city so far,Run,"",2437,8.04,,,false,,,activities/17820653667.gpx,,,2437.0,2282.0,8048.1,6.48,3.527,15.0,14.4,41.0,47.6,5.2,0.0,,,,,,,,,688.0,,,,,,,,,,,,,,,,0.0,,1.0,8066.6,,,,,,,,,,,,,,,,,,,,,,,,,,,3.302,0.0,,,,5894.0,0.0,,,,3.535,,,,,,,,,,,,media/47136FD3-05A0-41B2-8C3E-CC9A272AB21C.jpg|media/80F966EC-1E1E-459D-8FCC-12FAA725BE22.mp4|media/E7D97816-913F-4682-B1AA-A3E75C9D6371.jpg|media/961F8CB3-6984-4F12-85BB-D70FA8E43607.jpg|media/8C24997A-2773-4891-8256-2456BFFD76C0.jpg|media/E29E194A-F36B-42A4-A122-FADFEDD1A151.jpg|media/F26529FB-11B3-445F-B9EE-A2C5D7026FE5.jpg|media/0D21A362-3739-4521-A39B-B390B7F5A067.jpg
17814419121,"Mar 22, 2026, 10:52:44 AM",Gardens of Versailles - forgot to record the first half of this absolute complex,Walk,"",3086,4.05,,,false,,,activities/17814419121.gpx,,,3086.0,2772.0,4054.4,3.92,1.463,49.0,18.2,110.8,141.6,14.3,0.7,,,,,,,,,346.0,,,,,,,,,,,,,,,,0.0,,1.0,,,,,,,,,,,,,,,,,,,,,,,,,,,,1.314,3681.6,,,,5294.0,0.0,,,,,,,,,,,,,,,,media/B5A103DD-FB56-46FE-907D-43DACA74FEEB.jpg|media/3F4C86F6-0565-4878-8D27-369F3DB740A3.jpg|media/8805F7EB-BB80-42F2-AE1C-2B3989B2DBD5.jpg|media/AEB03CFD-9482-4FD5-BFAF-0226AFC4853C.jpg
17783986431,"Mar 19, 2026, 8:10:32 PM",Legs r merked - pre Paris grub,Run,"",1904,6.44,,,false,,,activities/17783986431.gpx,,,1904.0,1904.0,6442.8,7.4,3.384,63.6,71.4,639.7,697.1,26.9,-0.1,,,,,,,,,560.0,,,,,,,,,,,,,,,,0.0,,1.0,6571.8,,,,,,,,,,,,,,,,,,,,,,,,,,,3.384,0.0,,,,5104.0,0.0,,,,3.452,,,,,,,,,,,,media/46438EFA-C7BC-45CC-BC3D-0AA6DC286D6E.jpg
17758279136,"Mar 17, 2026, 7:03:48 PM",Really pushed on that second mile,Run,"",878,3.22,,,false,,,activities/17758279136.gpx,,,878.0,875.0,3224.1,5.7,3.685,36.8,34.7,635.9,652.9,30.2,0.0,,,,,,,,,284.0,,,,,,,,,7.0,,,,,0.0,27.0,0.0,,1.0,3329.9,,,,,,,,,,,,,,,,,,,,,,,,,,,3.672,0.0,,,,2352.0,0.0,,,,3.806,,,0.0,0.0,,,,0.0,,,,media/9A24ECC4-25F1-46FF-A511-619A8CC10386.jpg
17745251281,"Mar 16, 2026, 6:10:22 PM",Plank run club lolz,Run,"",1653,4.84,,,false,,,activities/17745251281.gpx,,,1653.0,1653.0,4841.6,4.18,2.929,0.0,2.7,698.3,701.1,2.7,0.0,,,,,,,,,413.0,,,,,,,,,,,,,,,,0.0,,1.0,4844.4,,,,,,,,,,,,,,,,,,,,,,,,,,,2.929,602.1,,,,4504.0,0.0,,,,2.931,,,,,,,,,,,,""
17741966204,"Mar 16, 2026, 12:37:34 PM",Before class walk,Walk,"",2441,3.44,,,false,,,activities/17741966204.gpx,,,2441.0,2069.0,3447.4,13.28,1.666,43.2,24.4,662.4,690.2,18.4,0.5,,,,,,,,,294.0,,,,,,,,,,,,,,,,0.0,,1.0,,,,,,,,,,,,,,,,,,,,,,,,,,,,1.412,0.0,,,,4112.0,0.0,,,,,,,,,,,,,,,,""
17696543008,"Mar 12, 2026, 12:23:00 PM",Pre Dublin slow shakeout run - my legs r so dead but needed it - The people of Madrid are outside,Run,Feels super easy - think I'm in zone 2 not breathing heavy at all,2171,6.43,,,false,,,activities/17696543008.gpx,,,2171.0,2103.0,6438.1,11.16,3.061,76.4,77.8,634.4,674.9,20.0,0.0,,,,,,,,,561.0,,,,,,,,,,,,,,,,0.0,,1.0,6578.6,,,,,,,,,,,,,,,,,,,,,,,,,,,2.965,45.4,,,,5488.0,0.0,,,,3.128,,,,,,,,,,,,media/AD709BA1-7CD8-4E3D-9B04-44455171640D.jpg|media/6F9BFB30-AF7E-4639-8C71-24A9CC5253A6.jpg|media/4E21AE8E-7CAF-49DB-B299-2CA04D169D1D.jpg
17672814342,"Mar 10, 2026, 1:18:03 PM",Food poisoning in Barc murdered me - finally back - 10k easy pace (hopefully zone 2-3 I need a garmin),Run,"",3457,9.97,,,false,,,activities/17672814342.gpx,,,3457.0,3085.0,9978.6,12.853,3.235,134.4,121.8,633.6,681.0,19.2,0.1,,,,,,,,,875.0,,,,,,,,,,,,,,,,0.0,,1.0,10256.8,,,,,,,,,,,,,,,,,,,,,,,,,,,2.886,97.9,,,,7812.0,0.0,,,,3.325,,,0.0,0.0,,,,0.0,,,,media/78A4C864-ED8D-486B-A284-95738639CA9A.jpg|media/6FE03E83-E95C-4328-BB82-07DB4FC06AA6.jpg|media/25C78EF4-817B-4BD1-9024-E123173A14BF.jpg|media/328B5806-2746-481F-B363-A03A4C1A58A8.jpg|media/46116F50-B3ED-4F49-B8B3-7DB830258C09.jpg|media/8CC8F8C0-B190-4767-9FE3-1E438D3AC97B.jpg
17611751725,"Mar 5, 2026, 11:24:56 AM",Post legs pre Barcelona shakeout run - control,Run,"",811,2.49,,,false,,,activities/17611751725.gpx,,,811.0,784.0,2496.7,11.22,3.185,27.9,32.2,639.6,675.8,14.5,-0.4,,,,,,,,,217.0,,,,,,,,,,,,,,,,0.0,,1.0,2544.4,,,,,,,,,,,,,,,,,,,,,,,,,,,3.079,0.0,,,,1936.0,0.0,,,,3.245,,,,,,,,,,,,media/B592D124-4695-42C3-BC0D-950DDF832C7C.jpg|media/50AF676E-BAAF-4910-AA7F-BA140BFE7963.jpg
17588124307,"Mar 3, 2026, 1:19:12 PM",Midday movement - hopefully zone 2 lol,Run,"",2114,6.52,,,false,,,activities/17588124307.gpx,,,2114.0,1948.0,6525.0,7.18,3.35,84.2,81.3,634.2,681.0,17.7,0.0,,,,,,,,,571.0,,,,,,,,,,,,,,,,0.0,,1.0,6699.9,,,,,,,,,,,,,,,,,,,,,,,,,,,3.087,112.5,,,,4820.0,0.0,,,,3.439,,,,,,,,,,,,media/AE74475B-1665-48A4-8B18-6E409F82F783.jpg|media/56D95E16-0CBE-4B6F-925B-7C244F6CFE0E.jpg
17579149265,"Mar 2, 2026, 6:21:24 PM",Quick run,Run,"",1525,3.86,,,false,,,activities/17579149265.gpx,,,1525.0,1148.0,3867.9,7.5,3.369,50.2,40.0,639.4,665.9,23.4,0.3,,,,,,,,,340.0,,,,,,,,,,,,,,,,0.0,,1.0,3984.0,,,,,,,,,,,,,,,,,,,,,,,,,,,2.536,206.9,,,,3096.0,0.0,,,,3.47,,,,,,,,,,,,media/01551677-1129-4BE3-8A30-4398ADD874A4.jpg|media/A5ED98AE-623E-4E42-AB0C-126C920C6380.jpg
17575411963,"Mar 2, 2026, 11:50:10 AM",Never walked on this thing,Walk,"",4291,6.48,,,false,,,activities/17575411963.gpx,,,4291.0,4145.0,6482.7,6.687,1.564,63.7,74.1,647.1,680.6,15.4,-0.2,,,,,,,,,553.0,,,,,,,,,,,,,,,,0.0,,1.0,,,,,,,,,,,,,,,,,,,,,,,,,,,,1.511,847.5,,,,8248.0,0.0,,,,,,,,,,,,,,,,media/F2E95A1E-AE9D-4333-8223-9AC7EE36D212.jpg|media/E86D1959-7119-4868-A5A8-272947E01119.jpg
17570305150,"Mar 1, 2026, 9:14:10 PM",Post Morocco run - ode tired and too much sitting. Needed to get my legs going a bit,Run,"",1998,6.58,,,false,,,activities/17570305150.gpx,,,1998.0,1998.0,6582.7,5.94,3.295,80.9,79.9,634.0,676.0,15.5,0.0,,,,,,,,,576.0,,,,,,,,,,,,,,,,0.0,,1.0,6755.1,,,,,,,,,,,,,,,,,,,,,,,,,,,3.295,272.3,,,,5266.0,0.0,,,,3.381,,,,,,,,,,,,media/9F43CBD8-9C4E-42C7-856A-575F87567AD3.jpg|media/B0563F37-01D4-495B-8C97-CAA79EF94967.jpg|media/D6FAA824-A95C-4AC0-9F1F-6CF101C4A05A.jpg|media/DB9A7F27-6B68-4DCE-AD51-B8AAC5445995.jpg
17517045928,"Feb 25, 2026, 11:52:53 AM",Back hurting - 4 day rest incoming while in Morocco (4 miler on Sunday 👀),Run,"",1169,3.22,,,false,,,activities/17517045928.gpx,,,1169.0,882.0,3223.8,15.923,3.655,20.4,54.5,639.7,673.9,18.1,-1.0,,,,,,,,,274.0,,,,,,,,,,,,,,,,0.0,,1.0,3213.0,,,,,,,,,,,,,,,,,,,,,,,,,,,2.758,360.6,,,,2250.0,0.0,,,,3.643,,,,,,,,,,,,media/ADEB8A1F-5AC0-4EAA-83B6-53F25323D625.jpg|media/AFA95510-C7EB-4798-862D-598161D48377.jpg|media/E842A6C2-4F06-48FB-B63C-233F967053F4.mp4|media/82B517AB-7CFD-4A5E-98B0-B24EC153732B.jpg
17510179357,"Feb 24, 2026, 7:46:32 PM",Post legs - feeling good,Run,"",934,3.22,,,false,,,activities/17510179357.gpx,,,934.0,900.0,3228.1,8.36,3.587,28.1,46.2,639.7,675.8,45.0,-0.6,,,,,,,,,277.0,,,,,,,,,,,,,,,,0.0,,1.0,3246.1,,,,,,,,,,,,,,,,,,,,,,,,,,,3.456,0.0,,,,2338.0,0.0,,,,3.607,,,,,,,,,,,,media/3366A307-BC54-4344-A704-A3A1D62DDD0A.jpg|media/51F1925C-3B1B-41A9-A53F-81E975E3FAA9.jpg|media/9CC6D858-A809-4310-A3BC-13B05D96A8A9.jpg
17493864086,"Feb 23, 2026, 12:53:02 PM",Post lift pre class run - in and out,Run,"",973,3.34,,,false,,,activities/17493864086.gpx,,,973.0,951.0,3343.0,5.54,3.515,53.2,37.4,636.6,674.0,24.2,0.4,,,,,,,,,297.0,,,,,,,,,,,,,,,,0.0,,1.0,3486.3,,,,,,,,,,,,,,,,,,,,,,,,,,,3.436,0.0,,,,2404.0,0.0,,,,3.666,,,,,,,,,,,,media/38C053F9-4D6F-4F73-9B19-BC727FC8B2B6.jpg|media/439AB1A4-7FC3-43F7-B5FD-99D2FD7DCA30.jpg
17488140236,"Feb 22, 2026, 7:59:47 PM",Post Vienna x Budapest 5k - unreal,Run,"",1524,4.99,,,false,,,activities/17488140236.gpx,,,1524.0,1524.0,4996.6,5.28,3.279,64.8,56.9,636.9,676.0,29.0,0.1,,,,,,,,,438.0,,,,,,,,,,,,,,,,0.0,,1.0,5139.3,,,,,,,,,,,,,,,,,,,,,,,,,,,3.279,0.0,,,,4086.0,0.0,,,,3.372,,,,,,,,,,,,media/79F61C29-E87A-4383-8348-D68CA9CF02F1.jpg|media/E5F2FBF0-9664-48C5-864D-046BF8EAB018.jpg|media/50C0350E-A7CC-4DC3-81FF-D8837EC5636F.jpg|media/FDA02909-7A53-4BE1-BB00-9CCFFA491489.jpg|media/37B5F6ED-B4FE-4E14-98CC-C8D2A2F95A1F.jpg|media/326E7004-8E2A-4FC2-A22A-B68B9CC27A51.jpg|media/2DE2AFFA-326B-4497-BD0E-FFA153BA38E6.jpg|media/08110566-738A-484F-8620-C0CEB353420F.jpg|media/42878005-BC8C-43CF-BE9F-2F5931D3CF7D.jpg
17449255610,"Feb 19, 2026, 11:38:47 AM",Post lift recovery run - get in get out,Run,"",1010,3.26,,,false,,,activities/17449255610.gpx,,,1010.0,991.0,3268.3,5.4,3.298,47.6,47.4,638.9,672.3,26.0,0.0,,,,,,,,,287.0,,,,,,,,,,,,,,,,0.0,,1.0,3365.5,,,,,,,,,,,,,,,,,,,,,,,,,,,3.236,0.0,,,,2656.0,0.0,,,,3.396,,,,,,,,,,,,media/E695C451-DE1C-45A4-B9F3-C3FD7D2106C2.jpg|media/FB2ECFE5-C9ED-4A77-B237-C6DF005D0FBD.jpg|media/A08EC05C-34BA-4A36-864A-C92F626AD660.jpg
17441993676,"Feb 18, 2026, 5:55:40 PM",Weathers shit again - started to pour on me. Movement tho,Run,"",1153,3.60,,,false,,,activities/17441993676.gpx,,,1153.0,1129.0,3607.4,7.1,3.195,44.4,44.6,632.4,660.9,19.1,0.0,,,,,,,,,321.0,,,,,,,,,,,,,,,,0.0,,1.0,3764.2,,,,,,,,,,,,,,,,,,,,,,,,,,,3.129,164.0,,,,3004.0,0.0,,,,3.334,,,,,,,,,,,,media/31A0E624-4AF0-423A-8CB1-2C4DE483F483.jpg|media/15EA48DD-8E9A-4173-9555-239822AD77C0.jpg|media/A5E85A62-7C3E-46CB-AFA9-48D3B08EFE26.jpg
17430542321,"Feb 17, 2026, 5:44:40 PM",First nice day of the semester - getting a bit better - need to do a slow long one soon,Run,"",1864,5.66,,,false,,,activities/17430542321.gpx,,,1864.0,1635.0,5659.6,5.6,3.462,85.3,87.0,585.6,661.4,25.3,0.0,,,,,,,,,502.0,,,,,,,,,,,,,,,,0.0,,1.0,5883.3,,,,,,,,,,,,,,,,,,,,,,,,,,,3.036,134.1,,,,4106.0,0.0,,,,3.598,,,,,,,,,,,,media/C82F1260-DA80-4080-BF83-0E8F7D8E6E91.jpg|media/519746CC-CF97-4C54-8936-67468ABCD06D.mp4|media/14D63D89-EEC1-4E02-A829-49E45ED0F946.jpg
17376568212,"Feb 12, 2026, 6:40:55 PM",Post legs - 20 minute run only abt keeping stamina,Run,"",1219,4.25,,,false,,,activities/17376568212.gpx,,,1219.0,1200.0,4249.7,6.46,3.541,54.4,57.3,634.0,676.0,25.6,0.0,,,,,,,,,373.0,,,,,,,,,,,,,,,,0.0,,1.0,4370.4,,,,,,,,,,,,,,,,,,,,,,,,,,,3.486,0.0,,,,3308.0,0.0,,,,3.642,,,,,,,,,,,,media/43E2F2A1-99E4-4ABA-8C86-10CC701054A3.jpg|media/2D16EBC6-4E54-4EE0-B858-DC30A6E735A3.jpg
17365480311,"Feb 11, 2026, 6:03:39 PM","5 miler - locking back in, ode breath work, ode elevation change, ode wind",Run,Not bad - gonna start daily again,2575,8.05,,,false,,,activities/17365480311.gpx,,,2575.0,2501.0,8050.3,5.9,3.219,106.9,98.0,626.7,678.6,19.8,0.1,,,,,,,,,708.0,,,,,,,,,,,,,,,,0.0,,1.0,8303.5,,,,,,,,,,,,,,,,,,,,,,,,,,,3.126,217.7,,,,6694.0,0.0,,,,3.32,,,,,,,,,,,,media/FB2F5749-097D-4C93-B17E-8EA24D3D799D.jpg|media/80F217B5-0F96-4D7F-BC9D-46774BA8E612.jpg
17274624283,"Feb 3, 2026, 5:43:14 PM",Palace night run - the stoplights here r fucking my times,Run,"",1994,6.47,,,false,,,activities/17274624283.gpx,,,1994.0,1857.0,6472.6,6.64,3.486,84.1,74.6,634.8,672.3,19.0,0.1,,,,,,,,,569.0,,,,,,,,,,,,,,,,0.0,,1.0,6670.0,,,,,,,,,,,,,,,,,,,,,,,,,,,3.246,25.5,,,,4876.0,0.0,,,,3.592,,,,,,,,,,,,media/5CBA48CD-B36B-421C-8588-E8AD3F8AE5D7.jpg|media/AD13E7AC-97EE-4B8C-93DF-622F8BF1029C.jpg|media/AC9E7CEE-BB8E-4890-995F-850A7543EFAF.jpg|media/01DA86D0-6BD1-4C3B-9014-84348C4A1E6F.jpg
17219920570,"Jan 29, 2026, 6:59:28 PM",Quick mile - movement,Run,"",441,1.66,,,false,,,activities/17219920570.gpx,,,441.0,437.0,1662.7,11.0,3.805,25.0,17.1,660.9,678.0,9.7,0.5,,,,,,,,,146.0,,,,,,,,,,,,,,,,0.0,,1.0,1713.4,,,,,,,,,,,,,,,,,,,,,,,,,,,3.77,0.0,,,,1200.0,0.0,,,,3.921,,,0.0,0.0,,,,0.0,,,,media/C4ADDC3B-CAB1-43F8-8082-66C68A504FBE.jpg
17207875520,"Jan 28, 2026, 5:13:00 PM",Getting a lil better again,Run,Not very tired,1928,6.44,,,false,,,activities/17207875520.gpx,,,1928.0,1889.0,6441.4,22.096,3.41,88.7,88.4,631.4,676.0,41.3,0.0,,,,,,,,,571.0,,,,,,,,,,,,,,,,0.0,,1.0,6697.5,,,,,,,,,,,,,,,,,,,,,,,,,,2.0,3.341,150.3,,,,4962.0,0.0,,,,3.546,,,,,,,,,,,,media/3803B56B-7694-47A4-8D15-1C5DF7FD73B6.jpg|media/422C3CC2-3BAD-4039-81F8-F8A40FCE1DAB.jpg|media/AB07B9E5-BFCC-48A8-B91F-3008663B77CA.jpg
17183115019,"Jan 26, 2026, 2:32:35 PM","First 5k+ in Spain. Really shit weather, people here r absolutely oblivious😂. Not bad first one back 🤷🏻‍♂️",Run,"",1782,5.50,,,false,,,activities/17183115019.gpx,,,1782.0,1601.0,5499.5,5.22,3.435,73.8,74.1,648.8,674.9,25.8,0.0,,,,,,,,,479.0,,,,,,,,,,,,,,,,0.0,,1.0,5615.1,,,,,,,,,,,,,,,,,,,,,,,,,,,3.086,0.0,,,,4180.0,0.0,,,,3.507,,,,,,,,,,,,media/1162F801-8057-4D1C-A75A-50623D2B5E95.jpg
17095988986,"Jan 18, 2026, 5:12:50 PM",Post Sevilla train run - feeling good. It's brick,Run,"",948,3.22,,,false,,,activities/17095988986.gpx,,,948.0,938.0,3227.6,5.14,3.441,48.0,51.5,655.7,680.9,8.1,-0.1,,,,,,,,,281.0,,,,,,,,,,,,,,,,0.0,,1.0,3291.5,,,,,,,,,,,,,,,,,,,,,,,,,,,3.405,0.0,,,,2520.0,0.0,,,,3.509,,,0.0,0.0,,,,,,,,media/ECE8C397-D837-45CE-B60D-B3ABFE690002.jpg
17059760650,"Jan 15, 2026, 3:35:11 PM","Forgot this shit existed, didn't clock the first 2 miles. First Spain run in the books. Ran to whatever this thing is 😂😂",Run,"",1769,3.21,,,false,,,activities/17059760650.gpx,,,1769.0,922.0,3217.8,5.74,3.49,36.5,47.5,639.2,682.1,28.9,-0.4,,,,,,,,,278.0,,,,,,,,,,,,,,,,0.0,,1.0,3257.2,,,,,,,,,,,,,,,,,,,,,,,,,,,1.819,51.0,,,,2426.0,0.0,,,,3.533,,,0.0,0.0,,,,,,,,media/02218BF9-352B-44CF-A651-42D132AD2081.jpg
16832885827,"Dec 24, 2025, 9:36:50 PM",First decent run in a while - felt good definitely coulda kept going. Too dark outside. Closed the app and fucked my time a lil,Run,Felt good for sure,1894,6.44,,,false,,,activities/16832885827.gpx,,,1894.0,1879.0,6439.3,5.24,3.427,67.2,67.9,58.3,95.5,17.1,0.0,,,,,,,,,,,,,,,,,,,,,,,,,0.0,,1.0,6551.5,,,,,,,,,,,,,,,,,,,,,,,,,,,3.4,0.0,,,,5042.0,0.0,,,,3.487,,,,,,,,,,,,media/63524DC5-446C-43D9-AC81-1B2720606063.jpg
16786626842,"Dec 19, 2025, 5:45:43 PM",First run back in a lil - midday movement,Run,"",460,1.61,,,false,,,activities/16786626842.gpx,,,460.0,460.0,1616.9,5.14,3.515,15.1,15.1,58.3,66.5,9.5,0.1,,,,,,,,,,,,,,,,,,,,,,,,,0.0,,1.0,1648.5,,,,,,,,,,,,,,,,,,,,,,,,,,,3.515,0.0,,,,1228.0,0.0,,,,3.584,,,,,,,,,,,,""
16750542478,"Dec 15, 2025, 5:21:21 PM",It's freezing - had to move slow,Run,"",1031,3.22,,,false,,,activities/16750542478.gpx,,,1031.0,1031.0,3224.5,7.1,3.128,22.6,22.6,58.3,73.2,9.3,0.0,,,,,,,,,,,,,,,,,,,,,,,,,0.0,,1.0,3263.2,,,,,,,,,,,,,,,,,,,,,,,,,,,3.128,0.0,,,,2698.0,0.0,,,,3.165,,,,,,,,,,,,media/3891AE66-6973-47A6-B602-E82D73E4D901.jpg
16704769913,"Dec 10, 2025, 3:59:23 PM",I feel worse now,Run,"",442,1.61,,,false,,,activities/16704769913.gpx,,,442.0,442.0,1614.7,5.06,3.653,0.0,0.0,1.3,1.6,0.8,0.0,,,,,,,,,,,,,,,,,,,,,,,,,0.0,,1.0,1615.1,,,,,,,,,,,,,,,,,,,,,,,,,,,3.653,0.0,,,,1150.0,0.0,,,,3.654,,,0.0,,,,,,,,,media/98F58636-6C24-4423-A8DC-0862D26C9D7B.jpg
16704688385,"Dec 10, 2025, 3:31:25 PM",First half - I feel like such shit,Run,"",1024,3.26,,,false,,,activities/16704688385.gpx,,,1024.0,942.0,3266.6,5.92,3.468,0.0,0.0,1.3,2.1,1.7,0.0,,,,,,,,,,,,,,,,,,,,,,,,,0.0,,1.0,3268.2,,,,,,,,,,,,,,,,,,,,,,,,,,,3.19,0.0,,,,2544.0,0.0,,,,3.469,,,,,,,,,,,,""
16642243984,"Dec 3, 2025, 8:30:16 PM",Needed to move,Run,"",862,3.22,,,false,,,activities/16642243984.gpx,,,862.0,862.0,3225.1,5.98,3.741,17.3,17.9,39.4,51.8,7.1,0.0,,,,,,,,,,,,,,,,,,,,,,,,,0.0,,1.0,3240.4,,,,,,,,,,,,,,,,,,,,,,,,,,,3.741,9.9,,,,2290.0,0.0,,,,3.759,,,,,,,,,,,,""
16633682712,"Dec 2, 2025, 11:19:05 PM",Get in and get out,Run,"",1216,4.16,,,false,,,activities/16633682712.gpx,,,1216.0,1182.0,4160.9,4.64,3.52,17.6,17.0,33.6,50.7,5.5,0.0,,,,,,,,,,,,,,,,,,,,,,,,,0.0,,1.0,4182.7,,,,,,,,,,,,,,,,,,,,,,,,,,,3.422,84.1,,,,3230.0,0.0,,,,3.539,,,,,,,,,,,,""
16614685541,"Nov 30, 2025, 11:17:16 PM",Feel like ass - needed to move,Run,"",554,1.96,,,false,,,activities/16614685541.gpx,,,554.0,550.0,1965.0,4.74,3.573,11.1,11.1,33.6,45.0,5.7,0.0,,,,,,,,,,,,,,,,,,,,,,,,,0.0,,1.0,1980.2,,,,,,,,,,,,,,,,,,,,,,,,,,,3.547,0.0,,,,1452.0,0.0,,,,3.6,,,,,,,,,,,,""
16594609735,"Nov 28, 2025, 9:34:02 PM",Just to get some blood flow,Run,"",433,1.61,,,false,,,activities/16594609735.gpx,,,433.0,428.0,1609.2,5.06,3.76,10.3,11.6,33.3,45.1,4.9,0.0,,,,,,,,,,,,,,,,,,,,,,,,,0.0,,1.0,1622.0,1764363600.0,1.0,15.4,14.2,-5.7,0.23,1025.4,3.9,6.3,30.0,0.0,1764331481.0,1764369015.0,0.25,,,0.0,1.0,0.09,69360.0,1.0,,,,,,3.716,0.0,,,,1174.0,0.0,,,,3.79,,,0.0,,,,,,,,,""
16584789795,"Nov 27, 2025, 5:56:04 PM",Horrid 5k turkey trot #Chewbacca,Run,"",1690,4.99,,,false,,,activities/16584789795.gpx,,,1690.0,1495.0,4990.4,5.48,3.338,51.7,52.3,53.6,67.5,17.3,0.0,,,,,,,,,,,,,,,,,,,,,,,,,0.0,,1.0,5082.3,1764262800.0,3.0,6.3,0.6,-3.1,0.51,1012.3,5.1,8.9,269.0,0.0,1764244579.0,1764278900.0,0.125,,,0.0,1.0,0.77,37520.0,2.0,,,,,,2.953,0.0,,,,3904.0,0.0,,,,3.4,,,,,,,,,,,,media/2FC4C911-0A76-4C2D-A7AB-82CD4CF3F730.jpg
16565771419,"Nov 25, 2025, 8:10:44 PM",Recovery run,Run,"",486,1.62,,,false,,,activities/16565771419.gpx,,,486.0,473.0,1621.5,4.82,3.428,26.6,5.4,58.5,85.9,11.3,1.0,,,,,,,,,,,,,,,,,,,,,,,,,0.0,,1.0,1703.3,1764100800.0,3.0,12.2,8.7,7.3,0.72,1020.5,3.7,7.6,186.0,0.0,1764071655.0,1764106166.0,0.125,,,1.0,5.0,0.98,18121.0,0.0,,,,,,3.336,0.0,,,,1266.0,0.0,,,,3.601,,,0.0,,,,,,,,,""
16554038343,"Nov 24, 2025, 4:59:43 PM",Running here is so much harder,Run,"",1828,6.44,,,false,,,activities/16554038343.gpx,,,1828.0,1828.0,6446.0,5.18,3.526,55.6,56.9,58.5,95.6,9.5,0.0,,,,,,,,,,,,,,,,,,,,,,,,,0.0,,1.0,6534.6,1764000000.0,1.0,9.3,8.5,-0.1,0.52,1022.4,3.8,5.1,330.0,0.0,1763985189.0,1764019796.0,0.125,,,0.0,1.0,0.09,39252.0,2.0,,,,,,3.526,0.0,,,,4962.0,0.0,,,,3.575,,,,,,,,,,,,""
16526742759,"Nov 21, 2025, 7:19:24 PM",1 mile just to move,Run,"",408,1.61,,,false,,,activities/16526742759.gpx,,,408.0,408.0,1610.7,6.2,3.948,13.8,6.1,37.5,51.4,7.6,0.5,,,,,,,,,,,,,,,,,,,,,,,,,0.0,,1.0,1640.8,1763751600.0,3.0,27.5,27.2,14.1,0.44,1017.9,2.5,3.9,248.0,0.0,1763726340.0,1763764296.0,0.125,,,0.0,1.0,0.82,51064.0,3.0,,,,,,3.948,0.0,,,,1130.0,0.0,,,,4.022,,,,,,,,,,,,""
16519418850,"Nov 20, 2025, 10:34:41 PM",It's getting easy,Run,"",1325,4.99,,,false,,,activities/16519418850.gpx,,,1325.0,1325.0,4996.6,6.16,3.771,20.6,21.3,33.6,54.3,5.6,0.0,,,,,,,,,,,,,,,,,,,,,,,,,0.0,,1.0,5012.1,1763676000.0,1.0,26.6,27.6,15.3,0.5,1018.1,1.2,2.2,261.0,0.0,1763639890.0,1763677915.0,0.0,,,0.0,1.0,0.02,48088.0,0.0,,,,,,3.771,0.0,,,,3622.0,0.0,,,,3.783,,,,,,,,,,,,""
16498921053,"Nov 18, 2025, 9:11:00 PM",Mid day movement,Run,"",428,1.65,,,false,,,activities/16498921053.gpx,,,428.0,428.0,1657.2,5.66,3.872,4.2,12.0,37.0,49.1,3.1,-0.4,,,,,,,,,,,,,,,,,,,,,,,,,0.0,,1.0,1647.3,1763499600.0,1.0,26.3,28.5,10.1,0.36,1019.0,1.1,1.8,299.0,0.0,1763466993.0,1763505156.0,0.875,,,0.0,1.0,0.0,56840.0,1.0,,,,,,3.872,0.0,,,,1170.0,0.0,,,,3.849,,,,,,,,,,,,""
16448723192,"Nov 13, 2025, 7:02:46 PM",Mid day movement,Run,"",520,1.86,,,false,,,activities/16448723192.gpx,,,520.0,520.0,1864.8,6.18,3.586,14.2,11.1,33.5,48.0,4.3,0.2,,,,,,,,,,,,,,,,,,,,,,,,,0.0,,1.0,1886.9,1763060400.0,1.0,23.6,25.3,11.3,0.46,1020.6,2.5,4.5,314.0,0.0,1763034749.0,1763073289.0,0.875,,,0.0,5.0,0.04,45533.0,3.0,,,,,,3.586,73.9,,,,1386.0,0.0,,,,3.629,,,,,,,,,,,,""
16442161153,"Nov 13, 2025, 4:21:52 AM","Quick mile
To end the night",Run,"",456,1.63,,,false,,,activities/16442161153.gpx,,,456.0,456.0,1632.8,4.9,3.581,4.7,6.8,41.9,48.8,4.8,0.0,,,,,,,,,,,,,,,,,,,,,,,,,0.0,,1.0,1637.7,1763006400.0,1.0,7.8,6.3,4.6,0.8,1024.3,1.8,4.0,272.0,0.0,1762948300.0,1762986921.0,0.75,,,0.0,5.0,0.0,24014.0,0.0,,,,,,3.581,0.0,,,,1218.0,0.0,,,,3.591,,,,,,,,,,,,""
16417935111,"Nov 10, 2025, 8:24:18 PM",My shoulders killing me - good pace tho,Run,"",2707,9.65,,,false,,,activities/16417935111.gpx,,,2707.0,2671.0,9656.4,7.08,3.615,40.7,41.4,33.3,54.3,5.9,0.0,,,,,,,,,,,,,,,,,,,,,,,,,0.0,,1.0,9701.1,1762804800.0,1.0,16.0,13.9,-0.7,0.32,1019.5,5.7,10.8,296.0,0.0,1762775404.0,1762814188.0,0.625,,,0.0,5.0,0.01,59767.0,2.0,,,,,,3.567,138.2,,,,7210.0,0.0,,,,3.632,,,,,,,,,,,,media/1E8D94CC-F966-4973-87B2-0881BDB368C9.jpg
16384959655,"Nov 7, 2025, 3:34:53 PM",🫠,Run,"",1132,4.10,,,false,,,activities/16384959655.gpx,,,1132.0,1132.0,4104.0,4.66,3.625,12.8,12.7,41.3,54.3,2.7,0.0,,,,,,,,,,,,,,,,,,,,,,,,,0.0,,1.0,4112.9,1762527600.0,1.0,23.7,26.4,16.7,0.65,1016.3,1.7,3.9,117.0,0.0,1762516065.0,1762555100.0,0.625,,,0.0,5.0,0.05,35365.0,3.0,,,,,,3.625,91.2,,,,3102.0,0.0,,,,3.633,,,,,,,,,,,,""
16367533853,"Nov 5, 2025, 8:52:42 PM",Mile splits,Run,"",423,1.61,,,false,,,activities/16367533853.gpx,,,423.0,423.0,1613.1,5.38,3.813,11.0,10.9,33.8,45.2,5.3,0.1,,,,,,,,,,,,,,,,,,,,,,,,,0.0,,1.0,1624.0,1762372800.0,1.0,27.9,30.6,15.9,0.48,1021.3,0.6,1.9,87.0,0.0,1762343169.0,1762382383.0,0.375,,,0.0,5.0,0.1,41150.0,3.0,,,,,,3.813,0.0,,,,1110.0,0.0,,,,3.839,,,,,,,,,,,,""
16357470498,"Nov 4, 2025, 10:17:39 PM",Keep it going,Run,"",1665,4.50,,,false,,,activities/16357470498.gpx,,,1665.0,1188.0,4501.5,6.28,3.789,19.6,19.6,37.2,51.8,6.8,0.0,,,,,,,,,,,,,,,,,,,,,,,,,0.0,,1.0,4530.8,1762293600.0,1.0,23.1,23.2,14.4,0.58,1024.2,3.1,5.4,66.0,0.0,1762256723.0,1762296026.0,0.375,,,0.0,5.0,0.06,35215.0,0.0,,,,,,2.704,0.0,,,,3246.0,0.0,,,,3.814,,,,,,,,,,,,""
16334226540,"Nov 2, 2025, 4:30:00 PM",Fuck Cancer 🩷,Run,"",1246,5.01,,,false,,,activities/16334226540.gpx,,,1246.0,1214.0,5011.7,11.4,4.128,14.5,15.3,39.1,49.3,3.4,0.0,,,,,,,,,,,,,,,,,,,,,,,,,0.0,,1.0,5029.0,1762099200.0,1.0,21.8,24.2,11.8,0.53,1020.6,1.4,2.8,72.0,0.0,1762083824.0,1762123308.0,0.375,,,0.0,5.0,0.04,39062.0,5.0,,,,,,4.022,211.6,,,,3468.0,0.0,,,,4.143,,,0.0,,,,,,,,,""
16327263571,"Nov 2, 2025, 2:47:58 AM",Shenanigans,Run,"",946,3.23,,,false,,,activities/16327263571.gpx,,,946.0,943.0,3236.4,5.08,3.432,18.9,18.1,33.3,49.4,7.6,0.0,,,,,,,,,,,,,,,,,,,,,,,,,0.0,,1.0,3254.6,1762048800.0,1.0,13.7,11.8,9.9,0.78,1019.9,2.3,3.9,59.0,0.0,1761997385.0,1762036958.0,0.375,,,0.0,5.0,0.07,24398.0,0.0,,,,,,3.421,0.0,,,,2476.0,0.0,,,,3.451,,,,,,,,,,,,""
16305340541,"Oct 30, 2025, 6:46:09 PM",Run w Ty - this app sucks and fucked up my time.,Run,"",2142,6.75,,,false,,,activities/16305340541.gpx,,,2142.0,2027.0,6753.4,4.9,3.332,30.6,30.6,33.3,54.3,15.0,0.0,,,,,,,,,,,,,,,,,,,,,,,,,0.0,,1.0,6789.9,1761847200.0,1.0,20.1,18.1,10.8,0.55,1010.5,6.4,12.4,281.0,0.0,1761824494.0,1761864255.0,0.25,,,0.0,5.0,0.24,31297.0,5.0,,,,,,3.153,87.9,,,,5516.0,0.0,,,,3.35,,,,,,,,,,,,""
16286685288,"Oct 28, 2025, 10:06:34 PM",ΑΕΠ Breast Cancer Route - 5k,Run,"",1499,5.13,,,false,,,activities/16286685288.gpx,,,1499.0,1499.0,5132.6,4.46,3.424,14.0,14.9,39.6,49.3,3.3,0.0,,,,,,,,,,,,,,,,,,,,,,,,,0.0,,1.0,5146.8,1761688800.0,3.0,19.8,18.7,15.2,0.75,1012.3,3.2,5.7,11.0,0.0,1761651607.0,1761691556.0,0.125,,,0.0,5.0,0.88,21621.0,0.0,,,,,,3.424,165.2,,,,4030.0,0.0,,,,3.433,,,,,,,,,,,,""
16275345115,"Oct 27, 2025, 8:49:14 PM",Light,Run,"",1472,4.99,,,false,,,activities/16275345115.gpx,,,1472.0,1472.0,4995.4,4.92,3.394,20.2,19.6,33.6,53.3,5.1,0.0,,,,,,,,,,,,,,,,,,,,,,,,,0.0,,1.0,5018.1,,,,,,,,,,,,,,,,,,,,,,,,,,,3.394,35.2,,,,3996.0,0.0,,,,3.409,,,,,,,,,,,,""
16244238178,"Oct 24, 2025, 6:19:37 PM",Fade I starting cramping and I feel like shit,Run,"",917,3.24,,,false,,,activities/16244238178.gpx,,,917.0,917.0,3247.9,4.96,3.542,20.4,15.3,33.8,54.3,5.2,0.2,,,,,,,,,,,,,,,,,,,,,,,,,0.0,,1.0,3271.1,,,,,,,,,,,,,,,,,,,,,,,,,,,3.542,0.0,,,,2390.0,0.0,,,,3.567,,,,,,,,,,,,""
16225931723,"Oct 22, 2025, 8:03:48 PM",Gotta get in one way or another,Run,"",1557,4.99,,,false,,,activities/16225931723.gpx,,,1557.0,1524.0,4993.7,6.64,3.277,26.4,33.0,22.6,51.8,5.0,-0.1,,,,,,,,,,,,,,,,,,,,,,,,,0.0,,1.0,5011.7,,,,,,,,,,,,,,,,,,,,,,,,,,,3.207,0.0,,,,4042.0,0.0,,,,3.289,,,,,,,,,,,,""
16206788362,"Oct 21, 2025, 1:42:05 AM","Way to many steps today, should not have ran",Run,"",506,1.64,,,false,,,activities/16206788362.gpx,,,506.0,505.0,1644.2,5.747,3.256,7.7,5.7,44.0,51.8,4.6,0.1,,,,,,,,,,,,,,,,,,,,,,,,,0.0,,1.0,1655.4,,,,,,,,,,,,,,,,,,,,,,,,,,,3.249,0.0,,,,1358.0,0.0,,,,3.278,,,,,,,,,,,,""
16195137056,"Oct 19, 2025, 7:19:36 PM",I hate strava auto pause,Run,"",1625,5.02,,,false,,,activities/16195137056.gpx,,,1625.0,1577.0,5023.5,4.9,3.185,17.8,18.5,39.1,54.3,3.3,0.0,,,,,,,,,,,,,,,,,,,,,,,,,0.0,,1.0,5035.5,,,,,,,,,,,,,,,,,,,,,,,,,,,3.091,5.6,,,,3980.0,0.0,,,,3.193,,,,,,,,,,,,media/77E92B69-8320-4FC6-A81F-5442A7E95B1C.jpg
16172331542,"Oct 17, 2025, 4:59:10 PM",Whoops,Run,"",2897,9.66,,,false,,,activities/16172331542.gpx,,,2897.0,2864.0,9663.3,6.16,3.374,24.0,24.0,30.6,44.1,3.9,0.0,,,,,,,,,,,,,,,,,,,,,,,,,0.0,,1.0,9683.8,,,,,,,,,,,,,,,,,,,,,,,,,,,3.336,18.7,,,,7292.0,0.0,,,,3.381,,,,,,,,,,,,media/84F71C95-671A-4E1B-BCE9-943417DBAE63.jpg
16161329813,"Oct 16, 2025, 4:18:42 PM",Need,Run,"",411,1.62,,,false,,,activities/16161329813.gpx,,,411.0,411.0,1622.0,5.36,3.946,10.2,10.8,39.4,47.2,4.3,0.0,,,,,,,,,,,,,,,,,,,,,,,,,0.0,,1.0,1625.6,,,,,,,,,,,,,,,,,,,,,,,,,,,3.946,0.0,,,,1142.0,0.0,,,,3.955,,,,,,,,,,,,""
16153380337,"Oct 15, 2025, 8:52:47 PM",Moved,Run,"",856,3.22,,,false,,,activities/16153380337.gpx,,,856.0,850.0,3223.6,6.86,3.792,13.2,15.3,41.3,51.8,5.0,0.0,,,,,,,,,,,,,,,,,,,,,,,,,0.0,,1.0,3234.1,,,,,,,,,,,,,,,,,,,,,,,,,,,3.766,6.9,,,,2302.0,0.0,,,,3.805,,,,,,,,,,,,""
16141798470,"Oct 14, 2025, 7:39:48 PM",It's hot as fuck,Run,"",1157,4.02,,,false,,,activities/16141798470.gpx,,,1157.0,1157.0,4028.5,5.14,3.482,7.7,9.7,34.3,44.1,4.3,0.0,,,,,,,,,,,,,,,,,,,,,,,,,0.0,,1.0,4032.6,,,,,,,,,,,,,,,,,,,,,,,,,,,3.482,13.2,,,,3082.0,0.0,,,,3.485,,,,,,,,,,,,media/1850C370-D1A2-498A-A2E7-30120E9C5857.jpg
16110106447,"Oct 11, 2025, 8:47:49 PM",Cool down,Run,"",980,3.24,,,false,,,activities/16110106447.gpx,,,980.0,980.0,3242.6,5.08,3.309,13.2,13.2,43.6,54.3,3.8,0.0,,,,,,,,,,,,,,,,,,,,,,,,,0.0,,1.0,3250.9,,,,,,,,,,,,,,,,,,,,,,,,,,,3.309,0.0,,,,2606.0,0.0,,,,3.317,,,,,,,,,,,,""
16097843355,"Oct 10, 2025, 4:44:29 PM",Run w ty - #ImDead,Run,"",2853,9.06,,,false,,,activities/16097843355.gpx,,,2853.0,2832.0,9061.2,6.66,3.2,20.7,20.7,34.0,44.1,4.4,0.0,,,,,,,,,,,,,,,,,,,,,,,,,0.0,,1.0,9080.0,,,,,,,,,,,,,,,,,,,,,,,,,,,3.176,884.1,,,,7586.0,0.0,,,,3.206,,,,,,,,,,,,""
16087567308,"Oct 9, 2025, 5:05:28 PM",Quick mile,Run,"",455,1.61,,,false,,,activities/16087567308.gpx,,,455.0,447.0,1618.1,4.94,3.62,7.0,7.7,37.2,45.2,3.9,0.0,,,,,,,,,,,,,,,,,,,,,,,,,0.0,,1.0,1623.9,,,,,,,,,,,,,,,,,,,,,,,,,,,3.556,0.0,,,,1206.0,0.0,,,,3.633,,,,,,,,,,,,""
16065564802,"Oct 7, 2025, 4:53:52 PM",Post legs run - gotta get over 6 miles again soon 😁,Run,"",1921,6.44,,,false,,,activities/16065564802.gpx,,,1921.0,1909.0,6445.8,5.16,3.377,18.0,13.6,38.4,54.3,3.3,0.1,,,,,,,,,,,,,,,,,,,,,,,,,0.0,,1.0,6471.6,,,,,,,,,,,,,,,,,,,,,,,,,,,3.355,130.0,,,,5026.0,0.0,,,,3.39,,,,,,,,,,,,media/6756C044-55D9-44FF-9CD9-227436B5F50B.jpg
16045984419,"Oct 5, 2025, 8:11:01 PM",Sweat it out,Run,"",457,1.63,,,false,,,activities/16045984419.gpx,,,457.0,457.0,1636.8,4.74,3.582,8.9,10.6,33.5,44.2,4.1,-0.1,,,,,,,,,,,,,,,,,,,,,,,,,0.0,,1.0,1642.8,,,,,,,,,,,,,,,,,,,,,,,,,,,3.582,0.0,,,,1236.0,0.0,,,,3.595,,,,,,,,,,,,""
16023553793,"Oct 3, 2025, 8:17:29 PM",Pre work run,Run,"",834,3.22,,,false,,,activities/16023553793.gpx,,,834.0,834.0,3225.6,5.6,3.868,13.8,17.9,37.5,51.5,4.1,-0.1,,,,,,,,,,,,,,,,,,,,,,,,,0.0,,1.0,3230.7,,,,,,,,,,,,,,,,,,,,,,,,,,,3.868,163.1,,,,2240.0,0.0,,,,3.874,,,,,,,,,,,,""
16016341699,"Oct 3, 2025, 3:03:01 AM",One man can change the world,Run,"",1689,5.65,,,false,,,activities/16016341699.gpx,,,1689.0,1682.0,5655.1,5.7,3.362,34.3,35.6,27.2,51.4,9.4,0.0,,,,,,,,,,,,,,,,,,,,,,,,,0.0,,1.0,5698.1,,,,,,,,,,,,,,,,,,,,,,,,,,,3.348,0.0,,,,4392.0,0.0,,,,3.388,,,,,,,,,,,,""
15991424907,"Sep 30, 2025, 8:50:43 PM",Cooldown run,Run,"",437,1.62,,,false,,,activities/15991424907.gpx,,,437.0,437.0,1622.4,7.64,3.713,7.0,9.8,41.9,51.8,4.4,0.0,,,,,,,,,,,,,,,,,,,,,,,,,0.0,,1.0,1629.6,,,,,,,,,,,,,,,,,,,,,,,,,,,3.713,0.0,,,,1158.0,0.0,,,,3.729,,,,,,,,,,,,""
15981835656,"Sep 30, 2025, 12:44:00 AM",Whoops,Run,"",2088,6.58,,,false,,,activities/15981835656.gpx,,,2088.0,2070.0,6588.0,5.96,3.183,41.4,42.8,29.6,51.8,7.1,0.0,,,,,,,,,,,,,,,,,,,,,,,,,0.0,,1.0,6633.0,,,,,,,,,,,,,,,,,,,,,,,,,,1.0,3.155,0.0,,,,5328.0,0.0,,,,3.204,,,,,,,,,,,,media/79AC8895-7927-402A-AD16-59F2E6520716.jpg
15975418593,"Sep 29, 2025, 1:30:28 PM",Get in get out,Run,"",421,1.61,,,false,,,activities/15975418593.gpx,,,421.0,421.0,1611.6,6.26,3.828,6.9,7.0,41.8,48.9,3.5,0.0,,,,,,,,,,,,,,,,,,,,,,,,,0.0,,1.0,1617.3,,,,,,,,,,,,,,,,,,,,,,,,,,,3.828,8.5,,,,1160.0,0.0,,,,3.842,,,,,,,,,,,,""
15971033785,"Sep 29, 2025, 12:47:01 AM",Get back into it,Run,"",478,1.61,,,false,,,activities/15971033785.gpx,,,478.0,446.0,1610.8,5.22,3.612,4.9,13.4,34.3,48.9,3.2,-0.6,,,,,,,,,,,,,,,,,,,,,,,,,0.0,,1.0,1595.0,,,,,,,,,,,,,,,,,,,,,,,,,,,3.37,0.0,,,,1284.0,0.0,,,,3.576,,,,,,,,,,,,""
15946255182,"Sep 26, 2025, 8:45:38 PM",W legs is heinous #GasNoBreaks,Run,"",2163,6.70,,,false,,,activities/15946255182.gpx,,,2163.0,2088.0,6707.5,5.46,3.212,23.4,21.1,37.1,54.3,5.2,0.0,,,,,,,,,,,,,,,,,,,,,,,,,0.0,,1.0,6723.9,,,,,,,,,,,,,,,,,,,,,,,,,,,3.101,160.8,,,,5488.0,0.0,,,,3.22,,,,,,,,,,,,media/484FC63C-DA3D-40D7-80EC-C3FA09F59B9C.jpg
15937179732,"Sep 25, 2025, 11:04:26 PM",Craziest storm ever during this run 😂,Run,"",479,1.84,,,false,,,activities/15937179732.gpx,,,479.0,476.0,1847.7,10.767,3.882,9.3,8.9,39.4,48.6,5.1,0.0,,,,,,,,,,,,,,,,,,,,,,,,,0.0,,1.0,1858.4,,,,,,,,,,,,,,,,,,,,,,,,,,,3.857,0.0,,,,1282.0,0.0,,,,3.904,,,,,,,,,,,,""
15925182409,"Sep 24, 2025, 7:45:00 PM",It's too hot for ts,Run,"",900,3.22,,,false,,,activities/15925182409.gpx,,,900.0,897.0,3219.6,7.22,3.589,20.2,19.2,31.7,51.8,8.2,0.0,,,,,,,,,,,,,,,,,,,,,,,,,0.0,,1.0,3257.8,,,,,,,,,,,,,,,,,,,,,,,,,,,3.577,68.7,,,,2464.0,0.0,,,,3.632,,,,,,,,,,,,media/A63B4DB9-7D35-430B-BFBE-9E16D46FC3BB.jpg
15912744365,"Sep 23, 2025, 5:53:08 PM",Happy new year - it's way too hot outside,Run,"",986,3.47,,,false,,,activities/15912744365.gpx,,,986.0,974.0,3473.1,5.04,3.566,18.1,16.0,33.6,51.8,6.2,0.1,,,,,,,,,,,,,,,,,,,,,,,,,0.0,,1.0,3500.0,,,,,,,,,,,,,,,,,,,,,,,,,,,3.522,0.0,,,,2656.0,0.0,,,,3.593,,,,,,,,,,,,""
15903083617,"Sep 22, 2025, 9:43:40 PM",Fuck bfi,Run,"",492,1.74,,,false,,,activities/15903083617.gpx,,,492.0,482.0,1743.0,5.52,3.616,8.9,8.9,39.4,48.5,8.3,0.0,,,,,,,,,,,,,,,,,,,,,,,,,0.0,,1.0,1748.6,,,,,,,,,,,,,,,,,,,,,,,,,,,3.543,0.0,,,,1332.0,0.0,,,,3.628,,,,,,,,,,,,""
15869485838,"Sep 19, 2025, 10:11:10 PM",Needed to loosen up,Run,"",773,2.58,,,false,,,activities/15869485838.gpx,,,773.0,759.0,2581.0,7.14,3.401,13.5,13.5,33.6,47.2,6.1,0.0,,,,,,,,,,,,,,,,,,,,,,,,,0.0,,1.0,2594.0,,,,,,,,,,,,,,,,,,,,,,,,,,,3.339,7.9,,,,2058.0,0.0,,,,3.418,,,,,,,,,,,,""
15848076067,"Sep 17, 2025, 10:35:46 PM",Employment and Business Finance are terrifying,Run,"",1351,4.99,,,false,,,activities/15848076067.gpx,,,1351.0,1351.0,4994.2,5.84,3.697,20.4,24.5,33.8,54.3,5.3,0.0,,,,,,,,,,,,,,,,,,,,,,,,,0.0,,1.0,5008.2,,,,,,,,,,,,,,,,,,,,,,,,,,,3.697,0.0,,,,3706.0,0.0,,,,3.707,,,,,,,,,,,,media/3D74D763-BAD7-4E0E-8E09-70A88D89580D.jpg
15836935055,"Sep 16, 2025, 11:23:10 PM",Needed to move,Run,"",924,3.23,,,false,,,activities/15836935055.gpx,,,924.0,917.0,3233.5,8.44,3.526,16.9,16.3,40.2,51.8,6.4,0.0,,,,,,,,,,,,,,,,,,,,,,,,,0.0,,1.0,3254.0,,,,,,,,,,,,,,,,,,,,,,,,,,,3.499,0.0,,,,2442.0,0.0,,,,3.549,,,,,,,,,,,,""
15782138249,"Sep 12, 2025, 3:08:41 AM",Needed to think,Run,"",2084,6.69,,,false,,,activities/15782138249.gpx,,,2084.0,2080.0,6690.9,5.06,3.217,43.7,44.3,27.2,50.3,5.5,0.0,,,,,,,,,,,,,,,,,,,,,,,,,0.0,,1.0,6735.4,,,,,,,,,,,,,,,,,,,,,,,,,,,3.211,81.6,,,,5306.0,0.0,,,,3.238,,,,,,,,,,,,""
15756844574,"Sep 9, 2025, 8:49:20 PM",I hate running after legs,Run,"",954,3.30,,,false,,,activities/15756844574.gpx,,,954.0,917.0,3303.1,5.68,3.602,14.2,13.6,41.7,51.7,3.8,0.0,,,,,,,,,,,,,,,,,,,,,,,,,0.0,,1.0,3319.8,,,,,,,,,,,,,,,,,,,,,,,,,,,3.462,0.0,,,,2426.0,0.0,,,,3.62,,,,,,,,,,,,""
15734059721,"Sep 7, 2025, 8:28:22 PM",For Israel,Run,"",1764,6.36,,,false,,,activities/15734059721.gpx,,,1764.0,1764.0,6367.3,10.3,3.61,40.4,40.1,31.0,51.5,4.1,0.0,,,,,,,,,,,,,,,,,,,,,,,,,0.0,,1.0,6402.5,,,,,,,,,,,,,,,,,,,,,,,,,,,3.61,53.3,,,,4694.0,0.0,,,,3.63,,,,,,,,,,,,""
15695033883,"Sep 4, 2025, 2:16:50 PM",Movement,Run,"",507,1.78,,,false,,,activities/15695033883.gpx,,,507.0,503.0,1783.8,4.44,3.546,6.1,6.3,41.3,47.6,3.5,0.0,,,,,,,,,,,,,,,,,,,,,,,,,0.0,,1.0,1788.4,,,,,,,,,,,,,,,,,,,,,,,,,,,3.518,17.6,,,,1364.0,0.0,,,,3.555,,,0.0,,,,,,,,,media/CEFA56B5-63C6-4800-8B0C-4D221E47FC78.jpg
15688973033,"Sep 3, 2025, 11:11:03 PM",Blood flowing,Run,"",1863,6.44,,,false,,,activities/15688973033.gpx,,,1863.0,1832.0,6440.9,6.02,3.516,30.3,29.9,31.0,54.2,4.8,0.0,,,,,,,,,,,,,,,,,,,,,,,,,0.0,,1.0,6465.5,,,,,,,,,,,,,,,,,,,,,,,,,,,3.457,172.4,,,,4814.0,0.0,,,,3.529,,,,,,,,,,,,""
15676669190,"Sep 2, 2025, 10:41:36 PM",Needed to move,Run,"",441,1.64,,,false,,,activities/15676669190.gpx,,,441.0,441.0,1644.4,5.06,3.729,3.8,10.5,33.5,44.1,5.8,-0.4,,,,,,,,,,,,,,,,,,,,,,,,,0.0,,1.0,1638.6,,,,,,,,,,,,,,,,,,,,,,,,,,,3.729,7.5,,,,1162.0,0.0,,,,3.716,,,,,,,,,,,,""
15640058429,"Aug 30, 2025, 5:08:59 PM",Hungover speed run,Run,"",800,3.22,,,false,,,activities/15640058429.gpx,,,800.0,800.0,3226.2,5.66,4.033,20.5,14.3,33.5,54.2,5.3,0.2,,,,,,,,,,,,,,,,,,,,,,,,,0.0,,1.0,3252.8,1756573184.0,3.0,29.4,29.7,23.4,0.7,1013.5,3.0,4.7,309.0,0.3,1756551936.0,1756598016.0,0.125,,,0.61,5.0,1.0,25714.0,5.0,,,,,,4.033,3.9,,,,2192.0,0.0,,,,4.066,,,,,,,,,,,,""
15609368032,"Aug 27, 2025, 8:38:44 PM",I no longer like ts,Run,"",1349,4.99,,,false,,,activities/15609368032.gpx,,,1349.0,1349.0,4989.4,6.44,3.699,24.0,23.9,37.2,53.8,6.3,0.0,,,,,,,,,,,,,,,,,,,,,,,,,0.0,,1.0,5010.1,1756324864.0,1.0,32.6,35.1,21.5,0.52,1017.2,2.0,3.5,306.0,0.0,1756292608.0,1756339072.0,0.125,,,0.4,5.0,0.1,40255.0,6.0,,,,,,3.699,115.6,,,,3492.0,0.0,,,,3.714,,,,,,,,,,,,""
15599076862,"Aug 26, 2025, 11:58:13 PM",Ye. 🙈,Run,"",721,2.51,,,false,,,activities/15599076862.gpx,,,721.0,718.0,2517.7,4.66,3.507,15.6,15.4,33.8,47.2,5.4,0.0,,,,,,,,,,,,,,,,,,,,,,,,,0.0,,1.0,2535.2,1756249216.0,3.0,29.9,30.1,21.3,0.6,1016.9,2.8,4.9,285.0,0.0,1756206208.0,1756252672.0,0.125,,,0.0,1.0,1.0,46905.0,0.0,,,,,,3.492,0.0,,,,1870.0,0.0,,,,3.531,,,,,,,,,,,,media/4247E838-605D-4A9B-912A-D93543EDEF58.jpg
15570581917,"Aug 24, 2025, 1:49:30 PM",Run w ty,Run,"",1562,5.11,,,false,,,activities/15570581917.gpx,,,1562.0,1562.0,5113.6,8.6,3.274,25.1,17.1,33.8,54.2,5.7,0.1,,,,,,,,,,,,,,,,,,,,,,,,,0.0,,1.0,5147.3,1756040448.0,3.0,25.0,26.8,23.4,0.91,1013.7,1.0,2.7,321.0,0.0,1756033408.0,1756080000.0,0.125,,,0.66,5.0,0.9,13002.0,1.0,,,,,,3.274,273.2,,,,4194.0,0.0,,,,3.295,,,,,,,,,,,,""
15563275145,"Aug 23, 2025, 11:09:52 PM",I needa stop running - Need a break,Run,"",514,1.85,,,false,,,activities/15563275145.gpx,,,514.0,401.0,1851.3,12.56,4.617,13.1,15.2,37.3,46.6,4.9,0.0,,,,,,,,,,,,,,,,,,,,,,,,,0.0,,1.0,1882.2,1755990016.0,3.0,27.4,28.2,23.6,0.8,1011.2,2.7,4.2,249.0,0.7,1755946880.0,1755993728.0,0.0,,,0.9,5.0,1.0,20800.0,0.0,,,,,,3.602,81.2,,,,1334.0,0.0,,,,4.694,,,,,,,,,,,,""
15548761974,"Aug 22, 2025, 4:21:21 PM",Run w Juju Harris,Run,"",1007,3.22,,,false,,,activities/15548761974.gpx,,,1007.0,1003.0,3223.1,5.72,3.213,8.9,10.6,39.1,44.1,3.3,-0.1,,,,,,,,,,,,,,,,,,,,,,,,,0.0,,1.0,3225.8,1755878400.0,3.0,29.1,29.4,24.4,0.76,1014.6,3.3,5.6,242.0,0.4,1755860480.0,1755907328.0,0.875,,,0.71,5.0,1.0,23046.0,5.0,,,,,,3.201,264.0,,,,2654.0,0.0,,,,3.216,,,,,,,,,,,,""
15530715292,"Aug 21, 2025, 12:09:12 AM",Fast ah 5k - I'm getting good at Ts #TmrIsARestDay,Run,"",1361,4.99,,,false,,,activities/15530715292.gpx,,,1361.0,1361.0,4990.5,5.46,3.667,35.3,37.6,27.2,50.3,5.1,0.0,,,,,,,,,,,,,,,,,,,,,,,,,0.0,,1.0,5020.0,1755734400.0,1.0,29.7,30.4,22.2,0.64,1009.2,2.0,3.8,258.0,0.0,1755687552.0,1755734656.0,0.875,,,0.35,5.0,0.27,37460.0,0.0,,,,,,3.667,234.4,,,,3644.0,0.0,,,,3.688,,,,,,,,,,,,""
15515425097,"Aug 19, 2025, 5:28:17 PM",Run w Dave #Balls2TheWall,Run,"",1082,3.29,,,false,,,activities/15515425097.gpx,,,1082.0,1082.0,3294.6,4.34,3.045,13.5,21.7,33.5,53.0,5.6,-0.2,,,,,,,,,,,,,,,,,,,,,,,,,0.0,,1.0,3292.3,1755622784.0,1.0,32.5,34.0,23.2,0.58,1013.8,3.5,5.4,53.0,0.0,1755601152.0,1755648384.0,0.875,,,0.5,5.0,0.19,34739.0,9.0,,,,,,3.045,24.6,,,,2802.0,0.0,,,,3.043,,,,,,,,,,,,""
15506398814,"Aug 18, 2025, 11:17:28 PM",Day 2 - light just to get back into it,Run,"",825,2.47,,,false,,,activities/15506398814.gpx,,,825.0,825.0,2478.3,5.32,3.004,12.2,10.4,33.5,45.9,6.5,0.0,,,,,,,,,,,,,,,,,,,,,,,,,0.0,,1.0,2493.0,1755558016.0,5.0,29.0,29.4,23.2,0.71,1013.3,3.2,5.8,57.0,0.2,1755514752.0,1755561984.0,0.875,,,0.52,5.0,1.0,29072.0,0.0,,,,,,3.004,7.2,,,,2074.0,0.0,,,,3.022,,,,,,,,,,,,""
15495498847,"Aug 17, 2025, 11:31:52 PM",First run back in Gville,Run,"",934,3.22,,,false,,,activities/15495498847.gpx,,,934.0,931.0,3222.4,6.08,3.461,13.1,13.8,38.6,50.7,6.0,0.0,,,,,,,,,,,,,,,,,,,,,,,,,0.0,,1.0,3235.8,1755471616.0,3.0,27.8,28.6,24.2,0.81,1012.9,2.8,4.9,122.0,0.4,1755428352.0,1755475712.0,0.875,,,0.53,5.0,1.0,19700.0,0.0,,,,,,3.45,0.0,,,,2402.0,0.0,,,,3.476,,,,,,,,,,,,""
15437339716,"Aug 12, 2025, 6:36:02 PM",Finish Line,Run,"",6641,21.08,,,false,,,activities/15437339716.gpx,,,6641.0,6635.0,21085.7,4.88,3.178,172.2,199.1,40.0,124.0,13.1,-0.1,,,,,,,,,,,,,,,,,,,,,,,,,0.0,,1.0,21286.2,1755021568.0,1.0,31.5,33.5,18.9,0.47,1016.2,2.5,4.0,167.0,0.0,1754992896.0,1755043072.0,0.625,,,0.0,1.0,0.0,37819.0,8.0,,,,,,3.175,0.0,,,,17260.0,0.0,,,,3.208,,,,,,,,,,,,""
15414678132,"Aug 10, 2025, 7:22:12 PM","Ts was tiring bro - fuck this run, fuck cramps, fuck this area. My mouth so dry #OneTakeDrake",Run,"",1524,5.00,,,false,,,activities/15414678132.gpx,,,1524.0,1482.0,5005.4,4.7,3.377,74.5,18.6,58.6,123.7,14.1,1.2,,,,,,,,,,,,,,,,,,,,,,,,,0.0,,1.0,5226.3,1754852352.0,3.0,31.3,30.9,16.5,0.41,1021.6,2.6,3.9,155.0,0.0,1754819968.0,1754870400.0,0.625,,,0.0,1.0,0.98,47893.0,6.0,,,,,,3.284,0.0,,,,3964.0,0.0,,,,3.527,,,,,,,,,,,,media/E911FDBA-EAC7-4307-B5BD-27E1F0B93EDE.jpg
15404141635,"Aug 9, 2025, 10:53:53 PM",Interesting 24 hours 😂😂. Lil cool down run before Benjamins 🫢🫳🏼🫳🏼🫳🏼🫳🏼,Run,"",1464,4.99,,,false,,,activities/15404141635.gpx,,,1464.0,1464.0,4992.7,5.04,3.41,45.4,16.8,58.6,95.6,11.3,0.6,,,,,,,,,,,,,,,,,,,,,,,,,0.0,,1.0,5117.2,1754776832.0,1.0,27.6,29.1,12.0,0.38,1021.7,2.6,3.6,132.0,0.0,1754733568.0,1754784000.0,0.5,,,0.0,1.0,0.0,49167.0,1.0,,,,,,3.41,0.0,,,,3754.0,0.0,,,,3.495,,,,,,,,,,,,media/6E1DEE60-4200-425B-A990-9434E56A8346.jpg
15392412457,"Aug 8, 2025, 10:27:15 PM","It was so nice I had to do
It twice 😂😂",Run,"",467,1.61,,,false,,,activities/15392412457.gpx,,,467.0,467.0,1609.8,4.44,3.447,17.5,33.5,58.6,88.3,17.2,-0.9,,,,,,,,,,,,,,,,,,,,,,,,,0.0,,1.0,1621.5,1754690432.0,1.0,26.0,27.1,10.9,0.39,1023.5,2.9,4.5,120.0,0.0,1754647040.0,1754697728.0,0.375,,,0.0,1.0,0.0,50035.0,1.0,,,,,,3.447,0.0,,,,1212.0,0.0,,,,3.472,,,,,,,,,,,,media/72AA2190-5D54-4EFB-91B4-B0AA1E79328E.jpg
15392320526,"Aug 8, 2025, 10:11:56 PM","Post golf - I'm exhausted, dehydrated, and over doing it",Run,"",477,1.62,,,false,,,activities/15392320526.gpx,,,477.0,477.0,1624.8,4.52,3.406,14.3,10.6,58.6,73.3,25.4,0.3,,,,,,,,,,,,,,,,,,,,,,,,,0.0,,1.0,1661.5,1754690432.0,1.0,26.0,27.1,10.9,0.39,1023.5,2.9,4.5,120.0,0.0,1754647040.0,1754697728.0,0.375,,,0.0,1.0,0.0,50035.0,1.0,,,,,,3.406,0.0,,,,1240.0,0.0,,,,3.483,,,,,,,,,,,,media/AFE5504A-757F-4911-89E6-009359191516.jpg
15380548201,"Aug 7, 2025, 7:06:19 PM","New Hokas - hips been tight and hurting, really good run. Let's get it",Run,"",1361,4.99,,,false,,,activities/15380548201.gpx,,,1361.0,1361.0,4995.8,5.02,3.671,43.8,44.9,40.0,69.5,11.3,0.0,,,,,,,,,,,,,,,,,,,,,,,,,0.0,,1.0,5062.0,1754593152.0,1.0,26.4,27.0,14.5,0.48,1026.4,4.0,6.8,108.0,0.0,1754560640.0,1754611456.0,0.375,,,0.0,1.0,0.06,39289.0,7.0,,,,,,3.671,0.0,,,,3612.0,0.0,,,,3.719,,,,,,,,,,,,media/85A8515F-F6ED-463A-892A-B43480A4146A.jpg
15359133767,"Aug 5, 2025, 11:23:18 PM","Light lil 7 miler. Half marathon next week, gonna get it in under 2 hours 🫡🥷🏼",Run,"",3604,11.26,,,false,,,activities/15359133767.gpx,,,3604.0,3361.0,11265.0,4.52,3.352,83.0,90.0,40.1,96.6,11.3,-0.1,,,,,,,,,,,,,,,,,,,,,,,,,0.0,,1.0,11380.1,1754434816.0,3.0,25.3,25.0,18.9,0.68,1026.2,3.0,5.0,120.0,0.0,1754387712.0,1754438784.0,0.375,,,0.0,1.0,1.0,30294.0,0.0,,,,,,3.126,0.0,,,,8734.0,0.0,,,,3.386,,,,,,,,,,,,media/027BE71E-7900-4603-8F21-BB5A5A249B3E.jpg
15335305217,"Aug 3, 2025, 8:47:38 PM","That last mile was easy, not tired. Had to stop for dinner w Theo and Ellen 😂😂. We getting fast 💨",Run,"",1951,6.65,,,false,,,activities/15335305217.gpx,,,1951.0,1946.0,6649.0,4.94,3.417,45.3,70.8,41.3,95.5,10.5,-0.4,,,,,,,,,,,,,,,,,,,,,,,,,0.0,,1.0,6662.3,1754251264.0,1.0,28.7,30.8,13.8,0.4,1019.5,2.1,4.3,147.0,0.0,1754214784.0,1754266112.0,0.375,,,0.0,1.0,0.0,40935.0,5.0,,,,,,3.408,0.0,,,,5038.0,0.0,,,,3.424,,,,,,,,,,,,media/02BD5C25-61C8-49E8-BEC9-A891EE482B94.jpg
15312423052,"Aug 1, 2025, 9:00:11 PM",Gas gas gas - no breaks 😂😂,Run,"",1958,6.46,,,false,,,activities/15312423052.gpx,,,1958.0,1958.0,6463.8,4.84,3.301,75.6,42.4,58.6,124.0,17.8,0.5,,,,,,,,,,,,,,,,,,,,,,,,,0.0,,1.0,6635.5,1754082048.0,3.0,23.4,21.9,15.7,0.62,1021.9,3.4,5.6,14.0,0.0,1754041856.0,1754093440.0,0.25,,,0.86,5.0,1.0,24586.0,2.0,,,,,,3.301,0.0,,,,5168.0,0.0,,,,3.389,,,,,,,,,,,,""
15291322218,"Jul 30, 2025, 8:53:11 PM","This was a tester, said I wasn't gonna be able to get over 3 and ended w 5 in under 41. Good stuff 💨👏",Run,"",2428,8.04,,,false,,,activities/15291322218.gpx,,,2428.0,2428.0,8047.7,5.16,3.315,65.9,68.6,58.4,95.6,10.7,0.0,,,,,,,,,,,,,,,,,,,,,,,,,0.0,,1.0,8129.1,,,,,,,,,,,,,,,,,,,,,,,,,,,3.315,0.0,,,,6218.0,0.0,,,,3.348,,,,,,,,,,,,media/1362A230-54E5-45F1-B4AC-B26DE8740020.jpg
15277553658,"Jul 29, 2025, 5:34:22 PM",Runny runny run,Run,"",960,3.22,,,false,,,activities/15277553658.gpx,,,960.0,960.0,3224.2,5.0,3.359,42.8,37.4,58.6,89.2,9.2,0.2,,,,,,,,,,,,,,,,,,,,,,,,,0.0,,1.0,3303.6,,,,,,,,,,,,,,,,,,,,,,,,,,,3.359,0.0,,,,2536.0,0.0,,,,3.441,,,,,,,,,,,,media/0412351D-60DE-48FE-8DA6-215A9E6571F7.jpg
15266132077,"Jul 28, 2025, 5:42:08 PM",Rollin we r getting faster,Run,"",1368,4.83,,,false,,,activities/15266132077.gpx,,,1368.0,1368.0,4832.3,5.08,3.532,41.1,54.0,40.0,67.5,10.9,-0.2,,,,,,,,,,,,,,,,,,,,,,,,,0.0,,1.0,4870.4,,,,,,,,,,,,,,,,,,,,,,,,,,,3.532,0.0,,,,3510.0,0.0,,,,3.56,,,,,,,,,,,,media/FB066F4D-C92C-4311-8830-5F068AB77441.jpg
15245181473,"Jul 26, 2025, 6:14:48 PM",Light 1 miler to just get the blood flowin,Run,"",444,1.61,,,false,,,activities/15245181473.gpx,,,444.0,435.0,1610.1,5.42,3.701,13.5,15.0,58.6,67.0,22.2,0.0,,,,,,,,,,,,,,,,,,,,,,,,,0.0,,1.0,1633.3,,,,,,,,,,,,,,,,,,,,,,,,,,,3.626,0.0,,,,1156.0,0.0,,,,3.755,,,,,,,,,,,,""
15245110097,"Jul 25, 2025, 6:51:57 PM",Afternoon Run,Run,"",638,2.46,,,false,,,activities/15245110097.gpx,,,638.0,638.0,2461.9,5.66,3.859,22.1,22.2,58.6,67.5,8.3,0.0,,,,,,,,,,,,,,,,,,,,,,,,,0.0,,1.0,2503.4,,,,,,,,,,,,,,,,,,,,,,,,,,,3.859,0.0,,,,1658.0,0.0,,,,3.924,,,,,,,,,,,,""
15223081993,"Jul 24, 2025, 4:44:26 PM",Run to Bellfaire,Run,"",1460,5.13,,,false,,,activities/15223081993.gpx,,,1460.0,1460.0,5131.1,5.78,3.514,74.6,18.6,58.6,123.8,10.3,1.1,,,,,,,,,,,,,,,,,,5.0,,,,,0.0,26.0,0.0,,1.0,5347.7,,,,,,,,,,,,,,,,,,,,,,,,,,,3.514,0.0,,,,3804.0,0.0,,,,3.663,,,,,,,,,,,,""
